epoch,a,b
0,1.6865,3.0425
1,1.70816,3.05349
2,1.72861,3.06416
3,1.74799,3.07453
4,1.76641,3.08462
5,1.78398,3.09446
6,1.80079,3.10406
7,1.81689,3.11343
8,1.83235,3.12259
9,1.84722,3.13155
10,1.86156,3.14033
11,1.87539,3.14892
12,1.88877,3.15735
13,1.90171,3.16561
14,1.91426,3.17373
15,1.92643,3.18169
16,1.93825,3.18952
17,1.94974,3.19721
18,1.96092,3.20478
19,1.97181,3.21222
20,1.98242,3.21954
21,1.99277,3.22675
22,2.00287,3.23385
23,2.01274,3.24085
24,2.02239,3.24774
25,2.03182,3.25454
26,2.04104,3.26124
27,2.05007,3.26784
28,2.05892,3.27436
29,2.06759,3.2808
30,2.07609,3.28715
31,2.08443,3.29342
32,2.09261,3.29961
33,2.10064,3.30573
34,2.10853,3.31177
35,2.11628,3.31774
36,2.12389,3.32364
37,2.13138,3.32947
38,2.13874,3.33524
39,2.14598,3.34094
40,2.15311,3.34658
41,2.16012,3.35216
42,2.16703,3.35767
43,2.17383,3.36313
44,2.18053,3.36854
45,2.18713,3.37389
46,2.19364,3.37918
47,2.20005,3.38442
48,2.20638,3.38961
49,2.21262,3.39475
50,2.21877,3.39984
51,2.22485,3.40488
52,2.23084,3.40988
53,2.23675,3.41482
54,2.24259,3.41973
55,2.24836,3.42459
56,2.25406,3.4294
57,2.25968,3.43418
58,2.26524,3.43891
59,2.27073,3.4436
60,2.27616,3.44825
61,2.28153,3.45286
62,2.28683,3.45743
63,2.29208,3.46197
64,2.29726,3.46646
65,2.30239,3.47092
66,2.30747,3.47535
67,2.31249,3.47974
68,2.31745,3.4841
69,2.32237,3.48842
70,2.32723,3.49271
71,2.33205,3.49696
72,2.33681,3.50119
73,2.34153,3.50538
74,2.3462,3.50954
75,2.35083,3.51367
76,2.35541,3.51777
77,2.35994,3.52184
78,2.36444,3.52589
79,2.36889,3.5299
80,2.3733,3.53389
81,2.37767,3.53784
82,2.382,3.54177
83,2.38629,3.54568
84,2.39055,3.54955
85,2.39476,3.5534
86,2.39894,3.55723
87,2.40309,3.56103
88,2.4072,3.5648
89,2.41127,3.56855
90,2.41531,3.57228
91,2.41931,3.57598
92,2.42329,3.57966
93,2.42723,3.58332
94,2.43114,3.58695
95,2.43501,3.59056
96,2.43886,3.59415
97,2.44268,3.59771
98,2.44646,3.60126
99,2.45022,3.60478
100,2.45395,3.60828
101,2.45765,3.61176
102,2.46132,3.61522
103,2.46497,3.61866
104,2.46858,3.62208
105,2.47217,3.62548
106,2.47574,3.62887
107,2.47928,3.63223
108,2.48279,3.63557
109,2.48628,3.63889
110,2.48975,3.6422
111,2.49319,3.64549
112,2.4966,3.64876
113,2.49999,3.65201
114,2.50336,3.65524
115,2.50671,3.65846
116,2.51003,3.66166
117,2.51334,3.66484
118,2.51662,3.668
119,2.51987,3.67115
120,2.52311,3.67428
121,2.52633,3.6774
122,2.52952,3.6805
123,2.5327,3.68358
124,2.53585,3.68665
125,2.53899,3.6897
126,2.5421,3.69274
127,2.5452,3.69576
128,2.54827,3.69877
129,2.55133,3.70176
130,2.55437,3.70474
131,2.55739,3.7077
132,2.56039,3.71065
133,2.56338,3.71358
134,2.56634,3.7165
135,2.56929,3.71941
136,2.57222,3.7223
137,2.57514,3.72518
138,2.57804,3.72805
139,2.58092,3.7309
140,2.58378,3.73374
141,2.58663,3.73656
142,2.58946,3.73938
143,2.59228,3.74218
144,2.59508,3.74496
145,2.59787,3.74774
146,2.60064,3.7505
147,2.60339,3.75325
148,2.60613,3.75599
149,2.60886,3.75871
150,2.61157,3.76143
151,2.61427,3.76413
152,2.61695,3.76682
153,2.61961,3.76949
154,2.62227,3.77216
155,2.62491,3.77482
156,2.62753,3.77746
157,2.63015,3.78009
158,2.63275,3.78271
159,2.63533,3.78532
160,2.63791,3.78792
161,2.64047,3.79051
162,2.64301,3.79309
163,2.64555,3.79566
164,2.64807,3.79822
165,2.65058,3.80076
166,2.65308,3.8033
167,2.65556,3.80582
168,2.65803,3.80834
169,2.66049,3.81085
170,2.66294,3.81334
171,2.66538,3.81583
172,2.66781,3.8183
173,2.67022,3.82077
174,2.67262,3.82323
175,2.67502,3.82567
176,2.6774,3.82811
177,2.67977,3.83054
178,2.68213,3.83296
179,2.68447,3.83537
180,2.68681,3.83777
181,2.68914,3.84016
182,2.69145,3.84254
183,2.69376,3.84492
184,2.69606,3.84728
185,2.69834,3.84964
186,2.70062,3.85198
187,2.70288,3.85432
188,2.70514,3.85665
189,2.70738,3.85897
190,2.70962,3.86129
191,2.71184,3.86359
192,2.71406,3.86589
193,2.71627,3.86817
194,2.71847,3.87045
195,2.72065,3.87273
196,2.72283,3.87499
197,2.725,3.87725
198,2.72716,3.87949
199,2.72932,3.88173
200,2.73146,3.88396
201,2.73359,3.88619
202,2.73572,3.8884
203,2.73784,3.89061
204,2.73994,3.89281
205,2.74204,3.89501
206,2.74413,3.89719
207,2.74622,3.89937
208,2.74829,3.90154
209,2.75036,3.90371
210,2.75242,3.90587
211,2.75447,3.90802
212,2.75651,3.91016
213,2.75854,3.91229
214,2.76057,3.91442
215,2.76259,3.91654
216,2.7646,3.91866
217,2.7666,3.92076
218,2.76859,3.92286
219,2.77058,3.92496
220,2.77256,3.92705
221,2.77453,3.92913
222,2.7765,3.9312
223,2.77846,3.93327
224,2.78041,3.93533
225,2.78235,3.93738
226,2.78429,3.93943
227,2.78621,3.94147
228,2.78814,3.9435
229,2.79005,3.94553
230,2.79196,3.94755
231,2.79386,3.94957
232,2.79575,3.95158
233,2.79764,3.95358
234,2.79952,3.95558
235,2.80139,3.95757
236,2.80326,3.95955
237,2.80512,3.96153
238,2.80697,3.96351
239,2.80882,3.96547
240,2.81066,3.96743
241,2.8125,3.96939
242,2.81432,3.97134
243,2.81614,3.97328
244,2.81796,3.97522
245,2.81977,3.97715
246,2.82157,3.97908
247,2.82337,3.981
248,2.82516,3.98291
249,2.82694,3.98482
250,2.82872,3.98673
251,2.83049,3.98863
252,2.83226,3.99052
253,2.83402,3.99241
254,2.83578,3.99429
255,2.83753,3.99617
256,2.83927,3.99804
257,2.84101,3.9999
258,2.84274,4.00176
259,2.84446,4.00362
260,2.84619,4.00547
261,2.8479,4.00731
262,2.84961,4.00915
263,2.85131,4.01099
264,2.85301,4.01282
265,2.85471,4.01464
266,2.85639,4.01646
267,2.85808,4.01828
268,2.85975,4.02009
269,2.86142,4.02189
270,2.86309,4.02369
271,2.86475,4.02549
272,2.86641,4.02728
273,2.86806,4.02906
274,2.8697,4.03084
275,2.87135,4.03262
276,2.87298,4.03439
277,2.87461,4.03616
278,2.87624,4.03792
279,2.87786,4.03967
280,2.87947,4.04143
281,2.88108,4.04317
282,2.88269,4.04492
283,2.88429,4.04666
284,2.88589,4.04839
285,2.88748,4.05012
286,2.88907,4.05184
287,2.89065,4.05357
288,2.89223,4.05528
289,2.8938,4.05699
290,2.89537,4.0587
291,2.89693,4.0604
292,2.89849,4.0621
293,2.90005,4.0638
294,2.9016,4.06549
295,2.90314,4.06717
296,2.90468,4.06885
297,2.90622,4.07053
298,2.90775,4.0722
299,2.90928,4.07387
300,2.9108,4.07554
301,2.91232,4.0772
302,2.91384,4.07885
303,2.91535,4.08051
304,2.91685,4.08216
305,2.91836,4.0838
306,2.91985,4.08544
307,2.92135,4.08708
308,2.92284,4.08871
309,2.92432,4.09034
310,2.9258,4.09196
311,2.92728,4.09358
312,2.92875,4.0952
313,2.93022,4.09681
314,2.93169,4.09842
315,2.93315,4.10002
316,2.93461,4.10163
317,2.93606,4.10322
318,2.93751,4.10482
319,2.93896,4.10641
320,2.9404,4.10799
321,2.94184,4.10957
322,2.94327,4.11115
323,2.9447,4.11273
324,2.94613,4.1143
325,2.94755,4.11587
326,2.94897,4.11743
327,2.95038,4.11899
328,2.95179,4.12055
329,2.9532,4.1221
330,2.95461,4.12365
331,2.95601,4.1252
332,2.9574,4.12674
333,2.9588,4.12828
334,2.96019,4.12981
335,2.96157,4.13135
336,2.96295,4.13287
337,2.96433,4.1344
338,2.96571,4.13592
339,2.96708,4.13744
340,2.96845,4.13895
341,2.96981,4.14047
342,2.97118,4.14197
343,2.97253,4.14348
344,2.97389,4.14498
345,2.97524,4.14648
346,2.97659,4.14797
347,2.97793,4.14947
348,2.97927,4.15095
349,2.98061,4.15244
350,2.98195,4.15392
351,2.98328,4.1554
352,2.98461,4.15687
353,2.98593,4.15835
354,2.98725,4.15982
355,2.98857,4.16128
356,2.98989,4.16274
357,2.9912,4.1642
358,2.99251,4.16566
359,2.99381,4.16711
360,2.99511,4.16856
361,2.99641,4.17001
362,2.99771,4.17146
363,2.999,4.1729
364,3.00029,4.17433
365,3.00158,4.17577
366,3.00287,4.1772
367,3.00415,4.17863
368,3.00542,4.18006
369,3.0067,4.18148
370,3.00797,4.1829
371,3.00924,4.18432
372,3.01051,4.18573
373,3.01177,4.18714
374,3.01303,4.18855
375,3.01429,4.18996
376,3.01554,4.19136
377,3.01679,4.19276
378,3.01804,4.19416
379,3.01929,4.19555
380,3.02053,4.19694
381,3.02177,4.19833
382,3.02301,4.19971
383,3.02424,4.2011
384,3.02548,4.20248
385,3.0267,4.20385
386,3.02793,4.20523
387,3.02915,4.2066
388,3.03037,4.20797
389,3.03159,4.20934
390,3.03281,4.2107
391,3.03402,4.21206
392,3.03523,4.21342
393,3.03644,4.21477
394,3.03764,4.21613
395,3.03884,4.21748
396,3.04004,4.21882
397,3.04124,4.22017
398,3.04243,4.22151
399,3.04363,4.22285
400,3.04481,4.22419
401,3.046,4.22552
402,3.04718,4.22685
403,3.04837,4.22818
404,3.04954,4.22951
405,3.05072,4.23083
406,3.05189,4.23216
407,3.05306,4.23348
408,3.05423,4.23479
409,3.0554,4.23611
410,3.05656,4.23742
411,3.05772,4.23873
412,3.05888,4.24003
413,3.06004,4.24134
414,3.06119,4.24264
415,3.06234,4.24394
416,3.06349,4.24524
417,3.06464,4.24653
418,3.06578,4.24782
419,3.06693,4.24911
420,3.06806,4.2504
421,3.0692,4.25168
422,3.07034,4.25297
423,3.07147,4.25425
424,3.0726,4.25552
425,3.07373,4.2568
426,3.07485,4.25807
427,3.07597,4.25934
428,3.0771,4.26061
429,3.07821,4.26188
430,3.07933,4.26314
431,3.08044,4.2644
432,3.08156,4.26566
433,3.08267,4.26692
434,3.08377,4.26817
435,3.08488,4.26942
436,3.08598,4.27067
437,3.08708,4.27192
438,3.08818,4.27317
439,3.08928,4.27441
440,3.09037,4.27565
441,3.09146,4.27689
442,3.09255,4.27813
443,3.09364,4.27936
444,3.09472,4.28059
445,3.09581,4.28182
446,3.09689,4.28305
447,3.09797,4.28428
448,3.09904,4.2855
449,3.10012,4.28672
450,3.10119,4.28794
451,3.10226,4.28916
452,3.10333,4.29037
453,3.1044,4.29159
454,3.10546,4.2928
455,3.10652,4.29401
456,3.10758,4.29521
457,3.10864,4.29642
458,3.1097,4.29762
459,3.11075,4.29882
460,3.1118,4.30002
461,3.11285,4.30122
462,3.1139,4.30241
463,3.11495,4.3036
464,3.11599,4.30479
465,3.11704,4.30598
466,3.11808,4.30717
467,3.11911,4.30835
468,3.12015,4.30953
469,3.12119,4.31071
470,3.12222,4.31189
471,3.12325,4.31307
472,3.12428,4.31424
473,3.1253,4.31541
474,3.12633,4.31658
475,3.12735,4.31775
476,3.12837,4.31892
477,3.12939,4.32008
478,3.13041,4.32125
479,3.13142,4.32241
480,3.13244,4.32357
481,3.13345,4.32472
482,3.13446,4.32588
483,3.13547,4.32703
484,3.13647,4.32818
485,3.13748,4.32933
486,3.13848,4.33048
487,3.13948,4.33162
488,3.14048,4.33277
489,3.14148,4.33391
490,3.14247,4.33505
491,3.14347,4.33619
492,3.14446,4.33732
493,3.14545,4.33846
494,3.14644,4.33959
495,3.14742,4.34072
496,3.14841,4.34185
497,3.14939,4.34297
498,3.15037,4.3441
499,3.15135,4.34522
500,3.15233,4.34634
501,3.15331,4.34746
502,3.15428,4.34858
503,3.15525,4.3497
504,3.15622,4.35081
505,3.15719,4.35193
506,3.15816,4.35304
507,3.15913,4.35415
508,3.16009,4.35525
509,3.16105,4.35636
510,3.16201,4.35746
511,3.16297,4.35857
512,3.16393,4.35967
513,3.16489,4.36076
514,3.16584,4.36186
515,3.16679,4.36296
516,3.16775,4.36405
517,3.1687,4.36514
518,3.16964,4.36623
519,3.17059,4.36732
520,3.17153,4.36841
521,3.17248,4.36949
522,3.17342,4.37058
523,3.17436,4.37166
524,3.1753,4.37274
525,3.17623,4.37382
526,3.17717,4.3749
527,3.1781,4.37597
528,3.17903,4.37704
529,3.17996,4.37812
530,3.18089,4.37919
531,3.18182,4.38026
532,3.18275,4.38132
533,3.18367,4.38239
534,3.18459,4.38345
535,3.18551,4.38451
536,3.18643,4.38558
537,3.18735,4.38664
538,3.18827,4.38769
539,3.18918,4.38875
540,3.1901,4.3898
541,3.19101,4.39086
542,3.19192,4.39191
543,3.19283,4.39296
544,3.19374,4.39401
545,3.19464,4.39505
546,3.19555,4.3961
547,3.19645,4.39714
548,3.19735,4.39818
549,3.19825,4.39922
550,3.19915,4.40026
551,3.20005,4.4013
552,3.20094,4.40234
553,3.20184,4.40337
554,3.20273,4.4044
555,3.20362,4.40544
556,3.20451,4.40647
557,3.2054,4.40749
558,3.20629,4.40852
559,3.20718,4.40955
560,3.20806,4.41057
561,3.20894,4.41159
562,3.20983,4.41261
563,3.21071,4.41363
564,3.21158,4.41465
565,3.21246,4.41567
566,3.21334,4.41668
567,3.21421,4.4177
568,3.21509,4.41871
569,3.21596,4.41972
570,3.21683,4.42073
571,3.2177,4.42174
572,3.21857,4.42274
573,3.21943,4.42375
574,3.2203,4.42475
575,3.22116,4.42576
576,3.22203,4.42676
577,3.22289,4.42776
578,3.22375,4.42875
579,3.22461,4.42975
580,3.22547,4.43075
581,3.22632,4.43174
582,3.22718,4.43273
583,3.22803,4.43372
584,3.22888,4.43471
585,3.22973,4.4357
586,3.23058,4.43669
587,3.23143,4.43768
588,3.23228,4.43866
589,3.23312,4.43964
590,3.23397,4.44062
591,3.23481,4.4416
592,3.23565,4.44258
593,3.23649,4.44356
594,3.23733,4.44454
595,3.23817,4.44551
596,3.23901,4.44649
597,3.23985,4.44746
598,3.24068,4.44843
599,3.24151,4.4494
600,3.24235,4.45037
601,3.24318,4.45133
602,3.24401,4.4523
603,3.24483,4.45326
604,3.24566,4.45423
605,3.24649,4.45519
606,3.24731,4.45615
607,3.24813,4.45711
608,3.24896,4.45807
609,3.24978,4.45902
610,3.2506,4.45998
611,3.25142,4.46093
612,3.25223,4.46188
613,3.25305,4.46284
614,3.25387,4.46379
615,3.25468,4.46474
616,3.25549,4.46568
617,3.2563,4.46663
618,3.25711,4.46757
619,3.25792,4.46852
620,3.25873,4.46946
621,3.25954,4.4704
622,3.26034,4.47134
623,3.26115,4.47228
624,3.26195,4.47322
625,3.26275,4.47416
626,3.26356,4.47509
627,3.26436,4.47603
628,3.26516,4.47696
629,3.26595,4.47789
630,3.26675,4.47882
631,3.26754,4.47975
632,3.26834,4.48068
633,3.26913,4.48161
634,3.26992,4.48253
635,3.27072,4.48346
636,3.27151,4.48438
637,3.27229,4.4853
638,3.27308,4.48622
639,3.27387,4.48714
640,3.27465,4.48806
641,3.27544,4.48898
642,3.27622,4.48989
643,3.277,4.49081
644,3.27779,4.49172
645,3.27857,4.49264
646,3.27934,4.49355
647,3.28012,4.49446
648,3.2809,4.49537
649,3.28168,4.49628
650,3.28245,4.49718
651,3.28322,4.49809
652,3.284,4.49899
653,3.28477,4.4999
654,3.28554,4.5008
655,3.28631,4.5017
656,3.28708,4.5026
657,3.28784,4.5035
658,3.28861,4.5044
659,3.28937,4.50529
660,3.29014,4.50619
661,3.2909,4.50708
662,3.29166,4.50798
663,3.29243,4.50887
664,3.29319,4.50976
665,3.29394,4.51065
666,3.2947,4.51154
667,3.29546,4.51243
668,3.29622,4.51331
669,3.29697,4.5142
670,3.29772,4.51509
671,3.29848,4.51597
672,3.29923,4.51685
673,3.29998,4.51773
674,3.30073,4.51861
675,3.30148,4.51949
676,3.30223,4.52037
677,3.30297,4.52125
678,3.30372,4.52212
679,3.30447,4.523
680,3.30521,4.52387
681,3.30595,4.52475
682,3.3067,4.52562
683,3.30744,4.52649
684,3.30818,4.52736
685,3.30892,4.52823
686,3.30965,4.52909
687,3.31039,4.52996
688,3.31113,4.53083
689,3.31186,4.53169
690,3.3126,4.53255
691,3.31333,4.53342
692,3.31406,4.53428
693,3.31479,4.53514
694,3.31553,4.536
695,3.31625,4.53686
696,3.31698,4.53771
697,3.31771,4.53857
698,3.31844,4.53942
699,3.31916,4.54028
700,3.31989,4.54113
701,3.32061,4.54198
702,3.32134,4.54284
703,3.32206,4.54369
704,3.32278,4.54453
705,3.3235,4.54538
706,3.32422,4.54623
707,3.32494,4.54708
708,3.32566,4.54792
709,3.32637,4.54877
710,3.32709,4.54961
711,3.3278,4.55045
712,3.32852,4.55129
713,3.32923,4.55213
714,3.32994,4.55297
715,3.33065,4.55381
716,3.33136,4.55465
717,3.33207,4.55548
718,3.33278,4.55632
719,3.33349,4.55715
720,3.3342,4.55799
721,3.3349,4.55882
722,3.33561,4.55965
723,3.33631,4.56048
724,3.33702,4.56131
725,3.33772,4.56214
726,3.33842,4.56297
727,3.33912,4.5638
728,3.33982,4.56462
729,3.34052,4.56545
730,3.34122,4.56627
731,3.34191,4.56709
732,3.34261,4.56792
733,3.34331,4.56874
734,3.344,4.56956
735,3.3447,4.57038
736,3.34539,4.5712
737,3.34608,4.57201
738,3.34677,4.57283
739,3.34746,4.57365
740,3.34815,4.57446
741,3.34884,4.57527
742,3.34953,4.57609
743,3.35022,4.5769
744,3.3509,4.57771
745,3.35159,4.57852
746,3.35227,4.57933
747,3.35296,4.58014
748,3.35364,4.58095
749,3.35432,4.58175
750,3.355,4.58256
751,3.35568,4.58336
752,3.35636,4.58417
753,3.35704,4.58497
754,3.35772,4.58577
755,3.3584,4.58657
756,3.35907,4.58738
757,3.35975,4.58817
758,3.36043,4.58897
759,3.3611,4.58977
760,3.36177,4.59057
761,3.36245,4.59136
762,3.36312,4.59216
763,3.36379,4.59295
764,3.36446,4.59375
765,3.36513,4.59454
766,3.3658,4.59533
767,3.36646,4.59612
768,3.36713,4.59691
769,3.3678,4.5977
770,3.36846,4.59849
771,3.36913,4.59928
772,3.36979,4.60006
773,3.37045,4.60085
774,3.37112,4.60163
775,3.37178,4.60242
776,3.37244,4.6032
777,3.3731,4.60398
778,3.37376,4.60477
779,3.37442,4.60555
780,3.37507,4.60633
781,3.37573,4.6071
782,3.37639,4.60788
783,3.37704,4.60866
784,3.3777,4.60944
785,3.37835,4.61021
786,3.379,4.61099
787,3.37966,4.61176
788,3.38031,4.61253
789,3.38096,4.61331
790,3.38161,4.61408
791,3.38226,4.61485
792,3.38291,4.61562
793,3.38356,4.61639
794,3.3842,4.61716
795,3.38485,4.61792
796,3.3855,4.61869
797,3.38614,4.61946
798,3.38678,4.62022
799,3.38743,4.62099
800,3.38807,4.62175
801,3.38871,4.62251
802,3.38935,4.62327
803,3.39,4.62403
804,3.39064,4.6248
805,3.39127,4.62555
806,3.39191,4.62631
807,3.39255,4.62707
808,3.39319,4.62783
809,3.39382,4.62858
810,3.39446,4.62934
811,3.3951,4.6301
812,3.39573,4.63085
813,3.39636,4.6316
814,3.397,4.63235
815,3.39763,4.63311
816,3.39826,4.63386
817,3.39889,4.63461
818,3.39952,4.63536
819,3.40015,4.63611
820,3.40078,4.63685
821,3.40141,4.6376
822,3.40203,4.63835
823,3.40266,4.63909
824,3.40329,4.63984
825,3.40391,4.64058
826,3.40454,4.64132
827,3.40516,4.64207
828,3.40578,4.64281
829,3.40641,4.64355
830,3.40703,4.64429
831,3.40765,4.64503
832,3.40827,4.64577
833,3.40889,4.64651
834,3.40951,4.64724
835,3.41013,4.64798
836,3.41074,4.64872
837,3.41136,4.64945
838,3.41198,4.65018
839,3.41259,4.65092
840,3.41321,4.65165
841,3.41382,4.65238
842,3.41444,4.65311
843,3.41505,4.65385
844,3.41566,4.65458
845,3.41627,4.6553
846,3.41689,4.65603
847,3.4175,4.65676
848,3.41811,4.65749
849,3.41872,4.65821
850,3.41932,4.65894
851,3.41993,4.65966
852,3.42054,4.66039
853,3.42115,4.66111
854,3.42175,4.66183
855,3.42236,4.66256
856,3.42296,4.66328
857,3.42357,4.664
858,3.42417,4.66472
859,3.42477,4.66544
860,3.42537,4.66616
861,3.42598,4.66687
862,3.42658,4.66759
863,3.42718,4.66831
864,3.42778,4.66902
865,3.42838,4.66974
866,3.42897,4.67045
867,3.42957,4.67117
868,3.43017,4.67188
869,3.43076,4.67259
870,3.43136,4.6733
871,3.43196,4.67401
872,3.43255,4.67472
873,3.43314,4.67543
874,3.43374,4.67614
875,3.43433,4.67685
876,3.43492,4.67756
877,3.43551,4.67826
878,3.43611,4.67897
879,3.4367,4.67967
880,3.43729,4.68038
881,3.43787,4.68108
882,3.43846,4.68179
883,3.43905,4.68249
884,3.43964,4.68319
885,3.44022,4.68389
886,3.44081,4.68459
887,3.4414,4.68529
888,3.44198,4.68599
889,3.44257,4.68669
890,3.44315,4.68739
891,3.44373,4.68809
892,3.44431,4.68878
893,3.4449,4.68948
894,3.44548,4.69017
895,3.44606,4.69087
896,3.44664,4.69156
897,3.44722,4.69226
898,3.4478,4.69295
899,3.44838,4.69364
900,3.44895,4.69433
901,3.44953,4.69502
902,3.45011,4.69571
903,3.45068,4.6964
904,3.45126,4.69709
905,3.45183,4.69778
906,3.45241,4.69847
907,3.45298,4.69915
908,3.45356,4.69984
909,3.45413,4.70052
910,3.4547,4.70121
911,3.45527,4.70189
912,3.45584,4.70258
913,3.45641,4.70326
914,3.45698,4.70394
915,3.45755,4.70462
916,3.45812,4.70531
917,3.45869,4.70599
918,3.45926,4.70667
919,3.45982,4.70734
920,3.46039,4.70802
921,3.46095,4.7087
922,3.46152,4.70938
923,3.46208,4.71006
924,3.46265,4.71073
925,3.46321,4.71141
926,3.46378,4.71208
927,3.46434,4.71276
928,3.4649,4.71343
929,3.46546,4.7141
930,3.46602,4.71478
931,3.46658,4.71545
932,3.46714,4.71612
933,3.4677,4.71679
934,3.46826,4.71746
935,3.46882,4.71813
936,3.46938,4.7188
937,3.46993,4.71946
938,3.47049,4.72013
939,3.47104,4.7208
940,3.4716,4.72147
941,3.47215,4.72213
942,3.47271,4.7228
943,3.47326,4.72346
944,3.47382,4.72412
945,3.47437,4.72479
946,3.47492,4.72545
947,3.47547,4.72611
948,3.47602,4.72677
949,3.47657,4.72744
950,3.47712,4.7281
951,3.47767,4.72876
952,3.47822,4.72941
953,3.47877,4.73007
954,3.47932,4.73073
955,3.47987,4.73139
956,3.48041,4.73205
957,3.48096,4.7327
958,3.48151,4.73336
959,3.48205,4.73401
960,3.4826,4.73467
961,3.48314,4.73532
962,3.48368,4.73597
963,3.48423,4.73663
964,3.48477,4.73728
965,3.48531,4.73793
966,3.48585,4.73858
967,3.4864,4.73923
968,3.48694,4.73988
969,3.48748,4.74053
970,3.48802,4.74118
971,3.48856,4.74183
972,3.48909,4.74248
973,3.48963,4.74312
974,3.49017,4.74377
975,3.49071,4.74441
976,3.49124,4.74506
977,3.49178,4.7457
978,3.49232,4.74635
979,3.49285,4.74699
980,3.49339,4.74764
981,3.49392,4.74828
982,3.49445,4.74892
983,3.49499,4.74956
984,3.49552,4.7502
985,3.49605,4.75084
986,3.49658,4.75148
987,3.49711,4.75212
988,3.49765,4.75276
989,3.49818,4.7534
990,3.49871,4.75404
991,3.49923,4.75467
992,3.49976,4.75531
993,3.50029,4.75594
994,3.50082,4.75658
995,3.50135,4.75721
996,3.50187,4.75785
997,3.5024,4.75848
998,3.50293,4.75912
999,3.50345,4.75975
1000,3.50398,4.76038
1001,3.5045,4.76101
1002,3.50502,4.76164
1003,3.50555,4.76227
1004,3.50607,4.7629
1005,3.50659,4.76353
1006,3.50712,4.76416
1007,3.50764,4.76479
1008,3.50816,4.76542
1009,3.50868,4.76604
1010,3.5092,4.76667
1011,3.50972,4.7673
1012,3.51024,4.76792
1013,3.51076,4.76855
1014,3.51127,4.76917
1015,3.51179,4.7698
1016,3.51231,4.77042
1017,3.51283,4.77104
1018,3.51334,4.77167
1019,3.51386,4.77229
1020,3.51437,4.77291
1021,3.51489,4.77353
1022,3.5154,4.77415
1023,3.51592,4.77477
1024,3.51643,4.77539
1025,3.51695,4.77601
1026,3.51746,4.77663
1027,3.51797,4.77724
1028,3.51848,4.77786
1029,3.51899,4.77848
1030,3.5195,4.7791
1031,3.52001,4.77971
1032,3.52052,4.78033
1033,3.52103,4.78094
1034,3.52154,4.78156
1035,3.52205,4.78217
1036,3.52256,4.78278
1037,3.52307,4.78339
1038,3.52358,4.78401
1039,3.52408,4.78462
1040,3.52459,4.78523
1041,3.52509,4.78584
1042,3.5256,4.78645
1043,3.52611,4.78706
1044,3.52661,4.78767
1045,3.52711,4.78828
1046,3.52762,4.78889
1047,3.52812,4.78949
1048,3.52862,4.7901
1049,3.52913,4.79071
1050,3.52963,4.79131
1051,3.53013,4.79192
1052,3.53063,4.79252
1053,3.53113,4.79313
1054,3.53163,4.79373
1055,3.53213,4.79434
1056,3.53263,4.79494
1057,3.53313,4.79554
1058,3.53363,4.79615
1059,3.53413,4.79675
1060,3.53462,4.79735
1061,3.53512,4.79795
1062,3.53562,4.79855
1063,3.53611,4.79915
1064,3.53661,4.79975
1065,3.53711,4.80035
1066,3.5376,4.80095
1067,3.5381,4.80154
1068,3.53859,4.80214
1069,3.53908,4.80274
1070,3.53958,4.80333
1071,3.54007,4.80393
1072,3.54056,4.80453
1073,3.54105,4.80512
1074,3.54155,4.80572
1075,3.54204,4.80631
1076,3.54253,4.8069
1077,3.54302,4.8075
1078,3.54351,4.80809
1079,3.544,4.80868
1080,3.54449,4.80927
1081,3.54498,4.80986
1082,3.54547,4.81045
1083,3.54595,4.81104
1084,3.54644,4.81163
1085,3.54693,4.81222
1086,3.54741,4.81281
1087,3.5479,4.8134
1088,3.54839,4.81399
1089,3.54887,4.81458
1090,3.54936,4.81516
1091,3.54984,4.81575
1092,3.55033,4.81634
1093,3.55081,4.81692
1094,3.55129,4.81751
1095,3.55178,4.81809
1096,3.55226,4.81868
1097,3.55274,4.81926
1098,3.55322,4.81984
1099,3.5537,4.82043
1100,3.55419,4.82101
1101,3.55467,4.82159
1102,3.55515,4.82217
1103,3.55563,4.82275
1104,3.55611,4.82333
1105,3.55658,4.82391
1106,3.55706,4.82449
1107,3.55754,4.82507
1108,3.55802,4.82565
1109,3.5585,4.82623
1110,3.55897,4.82681
1111,3.55945,4.82738
1112,3.55993,4.82796
1113,3.5604,4.82854
1114,3.56088,4.82911
1115,3.56135,4.82969
1116,3.56183,4.83026
1117,3.5623,4.83084
1118,3.56278,4.83141
1119,3.56325,4.83199
1120,3.56372,4.83256
1121,3.5642,4.83313
1122,3.56467,4.83371
1123,3.56514,4.83428
1124,3.56561,4.83485
1125,3.56608,4.83542
1126,3.56655,4.83599
1127,3.56702,4.83656
1128,3.56749,4.83713
1129,3.56796,4.8377
1130,3.56843,4.83827
1131,3.5689,4.83884
1132,3.56937,4.83941
1133,3.56984,4.83997
1134,3.57031,4.84054
1135,3.57077,4.84111
1136,3.57124,4.84168
1137,3.57171,4.84224
1138,3.57217,4.84281
1139,3.57264,4.84337
1140,3.5731,4.84394
1141,3.57357,4.8445
1142,3.57403,4.84506
1143,3.5745,4.84563
1144,3.57496,4.84619
1145,3.57543,4.84675
1146,3.57589,4.84732
1147,3.57635,4.84788
1148,3.57681,4.84844
1149,3.57728,4.849
1150,3.57774,4.84956
1151,3.5782,4.85012
1152,3.57866,4.85068
1153,3.57912,4.85124
1154,3.57958,4.8518
1155,3.58004,4.85236
1156,3.5805,4.85291
1157,3.58096,4.85347
1158,3.58142,4.85403
1159,3.58188,4.85458
1160,3.58234,4.85514
1161,3.58279,4.8557
1162,3.58325,4.85625
1163,3.58371,4.85681
1164,3.58416,4.85736
1165,3.58462,4.85792
1166,3.58508,4.85847
1167,3.58553,4.85902
1168,3.58599,4.85958
1169,3.58644,4.86013
1170,3.5869,4.86068
1171,3.58735,4.86123
1172,3.58781,4.86178
1173,3.58826,4.86233
1174,3.58871,4.86289
1175,3.58916,4.86344
1176,3.58962,4.86399
1177,3.59007,4.86453
1178,3.59052,4.86508
1179,3.59097,4.86563
1180,3.59142,4.86618
1181,3.59187,4.86673
1182,3.59232,4.86727
1183,3.59277,4.86782
1184,3.59322,4.86837
1185,3.59367,4.86891
1186,3.59412,4.86946
1187,3.59457,4.87
1188,3.59502,4.87055
1189,3.59547,4.87109
1190,3.59591,4.87164
1191,3.59636,4.87218
1192,3.59681,4.87273
1193,3.59725,4.87327
1194,3.5977,4.87381
1195,3.59814,4.87435
1196,3.59859,4.87489
1197,3.59903,4.87544
1198,3.59948,4.87598
1199,3.59992,4.87652
1200,3.60037,4.87706
1201,3.60081,4.8776
1202,3.60125,4.87814
1203,3.6017,4.87868
1204,3.60214,4.87921
1205,3.60258,4.87975
1206,3.60302,4.88029
1207,3.60347,4.88083
1208,3.60391,4.88136
1209,3.60435,4.8819
1210,3.60479,4.88244
1211,3.60523,4.88297
1212,3.60567,4.88351
1213,3.60611,4.88404
1214,3.60655,4.88458
1215,3.60699,4.88511
1216,3.60743,4.88565
1217,3.60786,4.88618
1218,3.6083,4.88671
1219,3.60874,4.88725
1220,3.60918,4.88778
1221,3.60961,4.88831
1222,3.61005,4.88884
1223,3.61049,4.88937
1224,3.61092,4.8899
1225,3.61136,4.89043
1226,3.61179,4.89096
1227,3.61223,4.89149
1228,3.61266,4.89202
1229,3.6131,4.89255
1230,3.61353,4.89308
1231,3.61397,4.89361
1232,3.6144,4.89414
1233,3.61483,4.89467
1234,3.61526,4.89519
1235,3.6157,4.89572
1236,3.61613,4.89625
1237,3.61656,4.89677
1238,3.61699,4.8973
1239,3.61742,4.89782
1240,3.61785,4.89835
1241,3.61828,4.89887
1242,3.61871,4.8994
1243,3.61914,4.89992
1244,3.61957,4.90044
1245,3.62,4.90097
1246,3.62043,4.90149
1247,3.62086,4.90201
1248,3.62129,4.90253
1249,3.62172,4.90306
1250,3.62214,4.90358
1251,3.62257,4.9041
1252,3.623,4.90462
1253,3.62342,4.90514
1254,3.62385,4.90566
1255,3.62428,4.90618
1256,3.6247,4.9067
1257,3.62513,4.90722
1258,3.62555,4.90773
1259,3.62598,4.90825
1260,3.6264,4.90877
1261,3.62683,4.90929
1262,3.62725,4.9098
1263,3.62767,4.91032
1264,3.6281,4.91084
1265,3.62852,4.91135
1266,3.62894,4.91187
1267,3.62936,4.91238
1268,3.62979,4.9129
1269,3.63021,4.91341
1270,3.63063,4.91393
1271,3.63105,4.91444
1272,3.63147,4.91495
1273,3.63189,4.91547
1274,3.63231,4.91598
1275,3.63273,4.91649
1276,3.63315,4.917
1277,3.63357,4.91752
1278,3.63399,4.91803
1279,3.63441,4.91854
1280,3.63483,4.91905
1281,3.63524,4.91956
1282,3.63566,4.92007
1283,3.63608,4.92058
1284,3.6365,4.92109
1285,3.63691,4.9216
1286,3.63733,4.9221
1287,3.63775,4.92261
1288,3.63816,4.92312
1289,3.63858,4.92363
1290,3.63899,4.92413
1291,3.63941,4.92464
1292,3.63982,4.92515
1293,3.64024,4.92565
1294,3.64065,4.92616
1295,3.64106,4.92667
1296,3.64148,4.92717
1297,3.64189,4.92768
1298,3.6423,4.92818
1299,3.64272,4.92868
1300,3.64313,4.92919
1301,3.64354,4.92969
1302,3.64395,4.93019
1303,3.64436,4.9307
1304,3.64478,4.9312
1305,3.64519,4.9317
1306,3.6456,4.9322
1307,3.64601,4.9327
1308,3.64642,4.9332
1309,3.64683,4.93371
1310,3.64724,4.93421
1311,3.64765,4.93471
1312,3.64805,4.93521
1313,3.64846,4.9357
1314,3.64887,4.9362
1315,3.64928,4.9367
1316,3.64969,4.9372
1317,3.65009,4.9377
1318,3.6505,4.9382
1319,3.65091,4.93869
1320,3.65131,4.93919
1321,3.65172,4.93969
1322,3.65213,4.94018
1323,3.65253,4.94068
1324,3.65294,4.94118
1325,3.65334,4.94167
1326,3.65375,4.94217
1327,3.65415,4.94266
1328,3.65456,4.94316
1329,3.65496,4.94365
1330,3.65536,4.94414
1331,3.65577,4.94464
1332,3.65617,4.94513
1333,3.65657,4.94562
1334,3.65698,4.94611
1335,3.65738,4.94661
1336,3.65778,4.9471
1337,3.65818,4.94759
1338,3.65858,4.94808
1339,3.65898,4.94857
1340,3.65939,4.94906
1341,3.65979,4.94955
1342,3.66019,4.95004
1343,3.66059,4.95053
1344,3.66099,4.95102
1345,3.66139,4.95151
1346,3.66179,4.952
1347,3.66218,4.95249
1348,3.66258,4.95298
1349,3.66298,4.95346
1350,3.66338,4.95395
1351,3.66378,4.95444
1352,3.66417,4.95492
1353,3.66457,4.95541
1354,3.66497,4.9559
1355,3.66537,4.95638
1356,3.66576,4.95687
1357,3.66616,4.95735
1358,3.66655,4.95784
1359,3.66695,4.95832
1360,3.66735,4.95881
1361,3.66774,4.95929
1362,3.66814,4.95977
1363,3.66853,4.96026
1364,3.66892,4.96074
1365,3.66932,4.96122
1366,3.66971,4.9617
1367,3.67011,4.96219
1368,3.6705,4.96267
1369,3.67089,4.96315
1370,3.67129,4.96363
1371,3.67168,4.96411
1372,3.67207,4.96459
1373,3.67246,4.96507
1374,3.67285,4.96555
1375,3.67325,4.96603
1376,3.67364,4.96651
1377,3.67403,4.96699
1378,3.67442,4.96747
1379,3.67481,4.96795
1380,3.6752,4.96842
1381,3.67559,4.9689
1382,3.67598,4.96938
1383,3.67637,4.96986
1384,3.67676,4.97033
1385,3.67714,4.97081
1386,3.67753,4.97129
1387,3.67792,4.97176
1388,3.67831,4.97224
1389,3.6787,4.97271
1390,3.67908,4.97319
1391,3.67947,4.97366
1392,3.67986,4.97414
1393,3.68025,4.97461
1394,3.68063,4.97508
1395,3.68102,4.97556
1396,3.6814,4.97603
1397,3.68179,4.9765
1398,3.68218,4.97698
1399,3.68256,4.97745
1400,3.68295,4.97792
1401,3.68333,4.97839
1402,3.68371,4.97886
1403,3.6841,4.97934
1404,3.68448,4.97981
1405,3.68487,4.98028
1406,3.68525,4.98075
1407,3.68563,4.98122
1408,3.68602,4.98169
1409,3.6864,4.98216
1410,3.68678,4.98262
1411,3.68716,4.98309
1412,3.68754,4.98356
1413,3.68793,4.98403
1414,3.68831,4.9845
1415,3.68869,4.98497
1416,3.68907,4.98543
1417,3.68945,4.9859
1418,3.68983,4.98637
1419,3.69021,4.98683
1420,3.69059,4.9873
1421,3.69097,4.98776
1422,3.69135,4.98823
1423,3.69173,4.9887
1424,3.69211,4.98916
1425,3.69249,4.98963
1426,3.69286,4.99009
1427,3.69324,4.99055
1428,3.69362,4.99102
1429,3.694,4.99148
1430,3.69438,4.99194
1431,3.69475,4.99241
1432,3.69513,4.99287
1433,3.69551,4.99333
1434,3.69588,4.99379
1435,3.69626,4.99426
1436,3.69663,4.99472
1437,3.69701,4.99518
1438,3.69739,4.99564
1439,3.69776,4.9961
1440,3.69814,4.99656
1441,3.69851,4.99702
1442,3.69888,4.99748
1443,3.69926,4.99794
1444,3.69963,4.9984
1445,3.70001,4.99886
1446,3.70038,4.99932
1447,3.70075,4.99978
1448,3.70113,5.00023
1449,3.7015,5.00069
1450,3.70187,5.00115
1451,3.70224,5.00161
1452,3.70262,5.00206
1453,3.70299,5.00252
1454,3.70336,5.00298
1455,3.70373,5.00343
1456,3.7041,5.00389
1457,3.70447,5.00435
1458,3.70484,5.0048
1459,3.70521,5.00526
1460,3.70558,5.00571
1461,3.70595,5.00617
1462,3.70632,5.00662
1463,3.70669,5.00707
1464,3.70706,5.00753
1465,3.70743,5.00798
1466,3.7078,5.00843
1467,3.70817,5.00889
1468,3.70854,5.00934
1469,3.7089,5.00979
1470,3.70927,5.01024
1471,3.70964,5.0107
1472,3.71001,5.01115
1473,3.71037,5.0116
1474,3.71074,5.01205
1475,3.71111,5.0125
1476,3.71147,5.01295
1477,3.71184,5.0134
1478,3.71221,5.01385
1479,3.71257,5.0143
1480,3.71294,5.01475
1481,3.7133,5.0152
1482,3.71367,5.01565
1483,3.71403,5.0161
1484,3.7144,5.01654
1485,3.71476,5.01699
1486,3.71513,5.01744
1487,3.71549,5.01789
1488,3.71585,5.01834
1489,3.71622,5.01878
1490,3.71658,5.01923
1491,3.71694,5.01968
1492,3.71731,5.02012
1493,3.71767,5.02057
1494,3.71803,5.02101
1495,3.71839,5.02146
1496,3.71875,5.0219
1497,3.71912,5.02235
1498,3.71948,5.02279
1499,3.71984,5.02324
1500,3.7202,5.02368
1501,3.72056,5.02413
1502,3.72092,5.02457
1503,3.72128,5.02501
1504,3.72164,5.02546
1505,3.722,5.0259
1506,3.72236,5.02634
1507,3.72272,5.02678
1508,3.72308,5.02723
1509,3.72344,5.02767
1510,3.7238,5.02811
1511,3.72416,5.02855
1512,3.72451,5.02899
1513,3.72487,5.02943
1514,3.72523,5.02987
1515,3.72559,5.03031
1516,3.72594,5.03075
1517,3.7263,5.03119
1518,3.72666,5.03163
1519,3.72701,5.03207
1520,3.72737,5.03251
1521,3.72773,5.03295
1522,3.72808,5.03339
1523,3.72844,5.03382
1524,3.7288,5.03426
1525,3.72915,5.0347
1526,3.72951,5.03514
1527,3.72986,5.03557
1528,3.73022,5.03601
1529,3.73057,5.03645
1530,3.73092,5.03688
1531,3.73128,5.03732
1532,3.73163,5.03776
1533,3.73199,5.03819
1534,3.73234,5.03863
1535,3.73269,5.03906
1536,3.73305,5.0395
1537,3.7334,5.03993
1538,3.73375,5.04037
1539,3.7341,5.0408
1540,3.73446,5.04123
1541,3.73481,5.04167
1542,3.73516,5.0421
1543,3.73551,5.04253
1544,3.73586,5.04297
1545,3.73621,5.0434
1546,3.73656,5.04383
1547,3.73691,5.04426
1548,3.73727,5.0447
1549,3.73762,5.04513
1550,3.73797,5.04556
1551,3.73832,5.04599
1552,3.73866,5.04642
1553,3.73901,5.04685
1554,3.73936,5.04728
1555,3.73971,5.04771
1556,3.74006,5.04814
1557,3.74041,5.04857
1558,3.74076,5.049
1559,3.74111,5.04943
1560,3.74145,5.04986
1561,3.7418,5.05029
1562,3.74215,5.05072
1563,3.7425,5.05114
1564,3.74284,5.05157
1565,3.74319,5.052
1566,3.74354,5.05243
1567,3.74388,5.05285
1568,3.74423,5.05328
1569,3.74458,5.05371
1570,3.74492,5.05413
1571,3.74527,5.05456
1572,3.74561,5.05499
1573,3.74596,5.05541
1574,3.7463,5.05584
1575,3.74665,5.05626
1576,3.74699,5.05669
1577,3.74734,5.05711
1578,3.74768,5.05754
1579,3.74803,5.05796
1580,3.74837,5.05839
1581,3.74871,5.05881
1582,3.74906,5.05923
1583,3.7494,5.05966
1584,3.74974,5.06008
1585,3.75009,5.0605
1586,3.75043,5.06093
1587,3.75077,5.06135
1588,3.75111,5.06177
1589,3.75145,5.06219
1590,3.7518,5.06261
1591,3.75214,5.06303
1592,3.75248,5.06346
1593,3.75282,5.06388
1594,3.75316,5.0643
1595,3.7535,5.06472
1596,3.75384,5.06514
1597,3.75418,5.06556
1598,3.75452,5.06598
1599,3.75486,5.0664
1600,3.7552,5.06682
1601,3.75554,5.06724
1602,3.75588,5.06766
1603,3.75622,5.06807
1604,3.75656,5.06849
1605,3.7569,5.06891
1606,3.75724,5.06933
1607,3.75758,5.06975
1608,3.75791,5.07016
1609,3.75825,5.07058
1610,3.75859,5.071
1611,3.75893,5.07141
1612,3.75927,5.07183
1613,3.7596,5.07225
1614,3.75994,5.07266
1615,3.76028,5.07308
1616,3.76061,5.0735
1617,3.76095,5.07391
1618,3.76129,5.07433
1619,3.76162,5.07474
1620,3.76196,5.07516
1621,3.76229,5.07557
1622,3.76263,5.07598
1623,3.76296,5.0764
1624,3.7633,5.07681
1625,3.76363,5.07723
1626,3.76397,5.07764
1627,3.7643,5.07805
1628,3.76464,5.07847
1629,3.76497,5.07888
1630,3.76531,5.07929
1631,3.76564,5.0797
1632,3.76597,5.08011
1633,3.76631,5.08053
1634,3.76664,5.08094
1635,3.76697,5.08135
1636,3.7673,5.08176
1637,3.76764,5.08217
1638,3.76797,5.08258
1639,3.7683,5.08299
1640,3.76863,5.0834
1641,3.76897,5.08381
1642,3.7693,5.08422
1643,3.76963,5.08463
1644,3.76996,5.08504
1645,3.77029,5.08545
1646,3.77062,5.08586
1647,3.77095,5.08627
1648,3.77128,5.08668
1649,3.77161,5.08708
1650,3.77194,5.08749
1651,3.77227,5.0879
1652,3.7726,5.08831
1653,3.77293,5.08872
1654,3.77326,5.08912
1655,3.77359,5.08953
1656,3.77392,5.08994
1657,3.77425,5.09034
1658,3.77458,5.09075
1659,3.77491,5.09115
1660,3.77523,5.09156
1661,3.77556,5.09197
1662,3.77589,5.09237
1663,3.77622,5.09278
1664,3.77654,5.09318
1665,3.77687,5.09359
1666,3.7772,5.09399
1667,3.77753,5.0944
1668,3.77785,5.0948
1669,3.77818,5.0952
1670,3.77851,5.09561
1671,3.77883,5.09601
1672,3.77916,5.09641
1673,3.77948,5.09682
1674,3.77981,5.09722
1675,3.78014,5.09762
1676,3.78046,5.09802
1677,3.78079,5.09843
1678,3.78111,5.09883
1679,3.78144,5.09923
1680,3.78176,5.09963
1681,3.78208,5.10003
1682,3.78241,5.10043
1683,3.78273,5.10083
1684,3.78306,5.10124
1685,3.78338,5.10164
1686,3.7837,5.10204
1687,3.78403,5.10244
1688,3.78435,5.10284
1689,3.78467,5.10324
1690,3.785,5.10363
1691,3.78532,5.10403
1692,3.78564,5.10443
1693,3.78596,5.10483
1694,3.78628,5.10523
1695,3.78661,5.10563
1696,3.78693,5.10603
1697,3.78725,5.10642
1698,3.78757,5.10682
1699,3.78789,5.10722
1700,3.78821,5.10762
1701,3.78853,5.10801
1702,3.78885,5.10841
1703,3.78918,5.10881
1704,3.7895,5.1092
1705,3.78982,5.1096
1706,3.79014,5.11
1707,3.79046,5.11039
1708,3.79077,5.11079
1709,3.79109,5.11118
1710,3.79141,5.11158
1711,3.79173,5.11197
1712,3.79205,5.11237
1713,3.79237,5.11276
1714,3.79269,5.11316
1715,3.79301,5.11355
1716,3.79332,5.11394
1717,3.79364,5.11434
1718,3.79396,5.11473
1719,3.79428,5.11512
1720,3.7946,5.11552
1721,3.79491,5.11591
1722,3.79523,5.1163
1723,3.79555,5.1167
1724,3.79586,5.11709
1725,3.79618,5.11748
1726,3.7965,5.11787
1727,3.79681,5.11826
1728,3.79713,5.11866
1729,3.79745,5.11905
1730,3.79776,5.11944
1731,3.79808,5.11983
1732,3.79839,5.12022
1733,3.79871,5.12061
1734,3.79902,5.121
1735,3.79934,5.12139
1736,3.79965,5.12178
1737,3.79997,5.12217
1738,3.80028,5.12256
1739,3.80059,5.12295
1740,3.80091,5.12334
1741,3.80122,5.12373
1742,3.80154,5.12411
1743,3.80185,5.1245
1744,3.80216,5.12489
1745,3.80248,5.12528
1746,3.80279,5.12567
1747,3.8031,5.12606
1748,3.80341,5.12644
1749,3.80373,5.12683
1750,3.80404,5.12722
1751,3.80435,5.1276
1752,3.80466,5.12799
1753,3.80498,5.12838
1754,3.80529,5.12876
1755,3.8056,5.12915
1756,3.80591,5.12954
1757,3.80622,5.12992
1758,3.80653,5.13031
1759,3.80684,5.13069
1760,3.80715,5.13108
1761,3.80746,5.13146
1762,3.80777,5.13185
1763,3.80808,5.13223
1764,3.80839,5.13262
1765,3.8087,5.133
1766,3.80901,5.13338
1767,3.80932,5.13377
1768,3.80963,5.13415
1769,3.80994,5.13453
1770,3.81025,5.13492
1771,3.81056,5.1353
1772,3.81087,5.13568
1773,3.81118,5.13607
1774,3.81149,5.13645
1775,3.81179,5.13683
1776,3.8121,5.13721
1777,3.81241,5.13759
1778,3.81272,5.13798
1779,3.81302,5.13836
1780,3.81333,5.13874
1781,3.81364,5.13912
1782,3.81395,5.1395
1783,3.81425,5.13988
1784,3.81456,5.14026
1785,3.81487,5.14064
1786,3.81517,5.14102
1787,3.81548,5.1414
1788,3.81578,5.14178
1789,3.81609,5.14216
1790,3.8164,5.14254
1791,3.8167,5.14292
1792,3.81701,5.1433
1793,3.81731,5.14368
1794,3.81762,5.14405
1795,3.81792,5.14443
1796,3.81823,5.14481
1797,3.81853,5.14519
1798,3.81884,5.14557
1799,3.81914,5.14594
1800,3.81945,5.14632
1801,3.81975,5.1467
1802,3.82005,5.14708
1803,3.82036,5.14745
1804,3.82066,5.14783
1805,3.82096,5.14821
1806,3.82127,5.14858
1807,3.82157,5.14896
1808,3.82187,5.14933
1809,3.82218,5.14971
1810,3.82248,5.15009
1811,3.82278,5.15046
1812,3.82308,5.15084
1813,3.82338,5.15121
1814,3.82369,5.15159
1815,3.82399,5.15196
1816,3.82429,5.15233
1817,3.82459,5.15271
1818,3.82489,5.15308
1819,3.82519,5.15346
1820,3.82549,5.15383
1821,3.8258,5.1542
1822,3.8261,5.15458
1823,3.8264,5.15495
1824,3.8267,5.15532
1825,3.827,5.1557
1826,3.8273,5.15607
1827,3.8276,5.15644
1828,3.8279,5.15681
1829,3.8282,5.15718
1830,3.8285,5.15756
1831,3.82879,5.15793
1832,3.82909,5.1583
1833,3.82939,5.15867
1834,3.82969,5.15904
1835,3.82999,5.15941
1836,3.83029,5.15978
1837,3.83059,5.16015
1838,3.83089,5.16052
1839,3.83118,5.16089
1840,3.83148,5.16126
1841,3.83178,5.16163
1842,3.83208,5.162
1843,3.83237,5.16237
1844,3.83267,5.16274
1845,3.83297,5.16311
1846,3.83327,5.16348
1847,3.83356,5.16385
1848,3.83386,5.16422
1849,3.83416,5.16459
1850,3.83445,5.16496
1851,3.83475,5.16532
1852,3.83504,5.16569
1853,3.83534,5.16606
1854,3.83564,5.16643
1855,3.83593,5.16679
1856,3.83623,5.16716
1857,3.83652,5.16753
1858,3.83682,5.16789
1859,3.83711,5.16826
1860,3.83741,5.16863
1861,3.8377,5.16899
1862,3.838,5.16936
1863,3.83829,5.16973
1864,3.83859,5.17009
1865,3.83888,5.17046
1866,3.83917,5.17082
1867,3.83947,5.17119
1868,3.83976,5.17155
1869,3.84005,5.17192
1870,3.84035,5.17228
1871,3.84064,5.17265
1872,3.84093,5.17301
1873,3.84123,5.17337
1874,3.84152,5.17374
1875,3.84181,5.1741
1876,3.8421,5.17447
1877,3.8424,5.17483
1878,3.84269,5.17519
1879,3.84298,5.17556
1880,3.84327,5.17592
1881,3.84356,5.17628
1882,3.84386,5.17664
1883,3.84415,5.17701
1884,3.84444,5.17737
1885,3.84473,5.17773
1886,3.84502,5.17809
1887,3.84531,5.17845
1888,3.8456,5.17882
1889,3.84589,5.17918
1890,3.84618,5.17954
1891,3.84647,5.1799
1892,3.84676,5.18026
1893,3.84705,5.18062
1894,3.84734,5.18098
1895,3.84763,5.18134
1896,3.84792,5.1817
1897,3.84821,5.18206
1898,3.8485,5.18242
1899,3.84879,5.18278
1900,3.84908,5.18314
1901,3.84937,5.1835
1902,3.84966,5.18386
1903,3.84995,5.18422
1904,3.85023,5.18458
1905,3.85052,5.18493
1906,3.85081,5.18529
1907,3.8511,5.18565
1908,3.85139,5.18601
1909,3.85167,5.18637
1910,3.85196,5.18672
1911,3.85225,5.18708
1912,3.85254,5.18744
1913,3.85282,5.1878
1914,3.85311,5.18815
1915,3.8534,5.18851
1916,3.85368,5.18887
1917,3.85397,5.18922
1918,3.85426,5.18958
1919,3.85454,5.18994
1920,3.85483,5.19029
1921,3.85512,5.19065
1922,3.8554,5.191
1923,3.85569,5.19136
1924,3.85597,5.19172
1925,3.85626,5.19207
1926,3.85654,5.19243
1927,3.85683,5.19278
1928,3.85711,5.19314
1929,3.8574,5.19349
1930,3.85768,5.19384
1931,3.85797,5.1942
1932,3.85825,5.19455
1933,3.85854,5.19491
1934,3.85882,5.19526
1935,3.8591,5.19561
1936,3.85939,5.19597
1937,3.85967,5.19632
1938,3.85996,5.19667
1939,3.86024,5.19703
1940,3.86052,5.19738
1941,3.86081,5.19773
1942,3.86109,5.19808
1943,3.86137,5.19844
1944,3.86165,5.19879
1945,3.86194,5.19914
1946,3.86222,5.19949
1947,3.8625,5.19984
1948,3.86278,5.20019
1949,3.86307,5.20055
1950,3.86335,5.2009
1951,3.86363,5.20125
1952,3.86391,5.2016
1953,3.86419,5.20195
1954,3.86447,5.2023
1955,3.86476,5.20265
1956,3.86504,5.203
1957,3.86532,5.20335
1958,3.8656,5.2037
1959,3.86588,5.20405
1960,3.86616,5.2044
1961,3.86644,5.20475
1962,3.86672,5.2051
1963,3.867,5.20545
1964,3.86728,5.2058
1965,3.86756,5.20614
1966,3.86784,5.20649
1967,3.86812,5.20684
1968,3.8684,5.20719
1969,3.86868,5.20754
1970,3.86896,5.20789
1971,3.86924,5.20823
1972,3.86952,5.20858
1973,3.86979,5.20893
1974,3.87007,5.20928
1975,3.87035,5.20962
1976,3.87063,5.20997
1977,3.87091,5.21032
1978,3.87119,5.21066
1979,3.87146,5.21101
1980,3.87174,5.21136
1981,3.87202,5.2117
1982,3.8723,5.21205
1983,3.87258,5.21239
1984,3.87285,5.21274
1985,3.87313,5.21308
1986,3.87341,5.21343
1987,3.87368,5.21377
1988,3.87396,5.21412
1989,3.87424,5.21446
1990,3.87451,5.21481
1991,3.87479,5.21515
1992,3.87507,5.2155
1993,3.87534,5.21584
1994,3.87562,5.21619
1995,3.8759,5.21653
1996,3.87617,5.21687
1997,3.87645,5.21722
1998,3.87672,5.21756
1999,3.877,5.2179
2000,3.87727,5.21825
2001,3.87755,5.21859
2002,3.87782,5.21893
2003,3.8781,5.21928
2004,3.87837,5.21962
2005,3.87865,5.21996
2006,3.87892,5.2203
2007,3.8792,5.22064
2008,3.87947,5.22099
2009,3.87974,5.22133
2010,3.88002,5.22167
2011,3.88029,5.22201
2012,3.88057,5.22235
2013,3.88084,5.22269
2014,3.88111,5.22303
2015,3.88139,5.22338
2016,3.88166,5.22372
2017,3.88193,5.22406
2018,3.8822,5.2244
2019,3.88248,5.22474
2020,3.88275,5.22508
2021,3.88302,5.22542
2022,3.8833,5.22576
2023,3.88357,5.2261
2024,3.88384,5.22644
2025,3.88411,5.22678
2026,3.88438,5.22711
2027,3.88466,5.22745
2028,3.88493,5.22779
2029,3.8852,5.22813
2030,3.88547,5.22847
2031,3.88574,5.22881
2032,3.88601,5.22915
2033,3.88628,5.22948
2034,3.88655,5.22982
2035,3.88682,5.23016
2036,3.8871,5.2305
2037,3.88737,5.23083
2038,3.88764,5.23117
2039,3.88791,5.23151
2040,3.88818,5.23185
2041,3.88845,5.23218
2042,3.88872,5.23252
2043,3.88899,5.23286
2044,3.88926,5.23319
2045,3.88953,5.23353
2046,3.88979,5.23387
2047,3.89006,5.2342
2048,3.89033,5.23454
2049,3.8906,5.23487
2050,3.89087,5.23521
2051,3.89114,5.23554
2052,3.89141,5.23588
2053,3.89168,5.23621
2054,3.89194,5.23655
2055,3.89221,5.23688
2056,3.89248,5.23722
2057,3.89275,5.23755
2058,3.89302,5.23789
2059,3.89328,5.23822
2060,3.89355,5.23856
2061,3.89382,5.23889
2062,3.89409,5.23922
2063,3.89435,5.23956
2064,3.89462,5.23989
2065,3.89489,5.24022
2066,3.89516,5.24056
2067,3.89542,5.24089
2068,3.89569,5.24122
2069,3.89596,5.24155
2070,3.89622,5.24189
2071,3.89649,5.24222
2072,3.89675,5.24255
2073,3.89702,5.24288
2074,3.89729,5.24322
2075,3.89755,5.24355
2076,3.89782,5.24388
2077,3.89808,5.24421
2078,3.89835,5.24454
2079,3.89861,5.24487
2080,3.89888,5.24521
2081,3.89914,5.24554
2082,3.89941,5.24587
2083,3.89967,5.2462
2084,3.89994,5.24653
2085,3.9002,5.24686
2086,3.90047,5.24719
2087,3.90073,5.24752
2088,3.901,5.24785
2089,3.90126,5.24818
2090,3.90152,5.24851
2091,3.90179,5.24884
2092,3.90205,5.24917
2093,3.90231,5.2495
2094,3.90258,5.24983
2095,3.90284,5.25015
2096,3.9031,5.25048
2097,3.90337,5.25081
2098,3.90363,5.25114
2099,3.90389,5.25147
2100,3.90416,5.2518
2101,3.90442,5.25213
2102,3.90468,5.25245
2103,3.90494,5.25278
2104,3.90521,5.25311
2105,3.90547,5.25344
2106,3.90573,5.25376
2107,3.90599,5.25409
2108,3.90625,5.25442
2109,3.90652,5.25474
2110,3.90678,5.25507
2111,3.90704,5.2554
2112,3.9073,5.25572
2113,3.90756,5.25605
2114,3.90782,5.25638
2115,3.90808,5.2567
2116,3.90834,5.25703
2117,3.9086,5.25736
2118,3.90887,5.25768
2119,3.90913,5.25801
2120,3.90939,5.25833
2121,3.90965,5.25866
2122,3.90991,5.25898
2123,3.91017,5.25931
2124,3.91043,5.25963
2125,3.91069,5.25996
2126,3.91095,5.26028
2127,3.91121,5.26061
2128,3.91147,5.26093
2129,3.91172,5.26125
2130,3.91198,5.26158
2131,3.91224,5.2619
2132,3.9125,5.26223
2133,3.91276,5.26255
2134,3.91302,5.26287
2135,3.91328,5.2632
2136,3.91354,5.26352
2137,3.9138,5.26384
2138,3.91405,5.26417
2139,3.91431,5.26449
2140,3.91457,5.26481
2141,3.91483,5.26513
2142,3.91509,5.26546
2143,3.91534,5.26578
2144,3.9156,5.2661
2145,3.91586,5.26642
2146,3.91612,5.26674
2147,3.91637,5.26707
2148,3.91663,5.26739
2149,3.91689,5.26771
2150,3.91714,5.26803
2151,3.9174,5.26835
2152,3.91766,5.26867
2153,3.91791,5.26899
2154,3.91817,5.26931
2155,3.91843,5.26963
2156,3.91868,5.26995
2157,3.91894,5.27027
2158,3.9192,5.27059
2159,3.91945,5.27091
2160,3.91971,5.27123
2161,3.91996,5.27155
2162,3.92022,5.27187
2163,3.92047,5.27219
2164,3.92073,5.27251
2165,3.92098,5.27283
2166,3.92124,5.27315
2167,3.92149,5.27347
2168,3.92175,5.27379
2169,3.922,5.27411
2170,3.92226,5.27443
2171,3.92251,5.27474
2172,3.92277,5.27506
2173,3.92302,5.27538
2174,3.92328,5.2757
2175,3.92353,5.27602
2176,3.92378,5.27634
2177,3.92404,5.27665
2178,3.92429,5.27697
2179,3.92455,5.27729
2180,3.9248,5.2776
2181,3.92505,5.27792
2182,3.92531,5.27824
2183,3.92556,5.27856
2184,3.92581,5.27887
2185,3.92606,5.27919
2186,3.92632,5.27951
2187,3.92657,5.27982
2188,3.92682,5.28014
2189,3.92708,5.28045
2190,3.92733,5.28077
2191,3.92758,5.28109
2192,3.92783,5.2814
2193,3.92808,5.28172
2194,3.92834,5.28203
2195,3.92859,5.28235
2196,3.92884,5.28266
2197,3.92909,5.28298
2198,3.92934,5.28329
2199,3.92959,5.28361
2200,3.92985,5.28392
2201,3.9301,5.28424
2202,3.93035,5.28455
2203,3.9306,5.28486
2204,3.93085,5.28518
2205,3.9311,5.28549
2206,3.93135,5.28581
2207,3.9316,5.28612
2208,3.93185,5.28643
2209,3.9321,5.28675
2210,3.93235,5.28706
2211,3.9326,5.28737
2212,3.93285,5.28769
2213,3.9331,5.288
2214,3.93335,5.28831
2215,3.9336,5.28862
2216,3.93385,5.28894
2217,3.9341,5.28925
2218,3.93435,5.28956
2219,3.9346,5.28987
2220,3.93485,5.29019
2221,3.9351,5.2905
2222,3.93535,5.29081
2223,3.9356,5.29112
2224,3.93585,5.29143
2225,3.93609,5.29174
2226,3.93634,5.29205
2227,3.93659,5.29237
2228,3.93684,5.29268
2229,3.93709,5.29299
2230,3.93734,5.2933
2231,3.93758,5.29361
2232,3.93783,5.29392
2233,3.93808,5.29423
2234,3.93833,5.29454
2235,3.93857,5.29485
2236,3.93882,5.29516
2237,3.93907,5.29547
2238,3.93932,5.29578
2239,3.93956,5.29609
2240,3.93981,5.2964
2241,3.94006,5.29671
2242,3.9403,5.29702
2243,3.94055,5.29733
2244,3.9408,5.29764
2245,3.94104,5.29794
2246,3.94129,5.29825
2247,3.94154,5.29856
2248,3.94178,5.29887
2249,3.94203,5.29918
2250,3.94228,5.29949
2251,3.94252,5.29979
2252,3.94277,5.3001
2253,3.94301,5.30041
2254,3.94326,5.30072
2255,3.9435,5.30103
2256,3.94375,5.30133
2257,3.94399,5.30164
2258,3.94424,5.30195
2259,3.94448,5.30225
2260,3.94473,5.30256
2261,3.94497,5.30287
2262,3.94522,5.30317
2263,3.94546,5.30348
2264,3.94571,5.30379
2265,3.94595,5.30409
2266,3.9462,5.3044
2267,3.94644,5.30471
2268,3.94669,5.30501
2269,3.94693,5.30532
2270,3.94717,5.30562
2271,3.94742,5.30593
2272,3.94766,5.30623
2273,3.9479,5.30654
2274,3.94815,5.30684
2275,3.94839,5.30715
2276,3.94863,5.30745
2277,3.94888,5.30776
2278,3.94912,5.30806
2279,3.94936,5.30837
2280,3.94961,5.30867
2281,3.94985,5.30898
2282,3.95009,5.30928
2283,3.95033,5.30959
2284,3.95058,5.30989
2285,3.95082,5.31019
2286,3.95106,5.3105
2287,3.9513,5.3108
2288,3.95155,5.3111
2289,3.95179,5.31141
2290,3.95203,5.31171
2291,3.95227,5.31201
2292,3.95251,5.31232
2293,3.95275,5.31262
2294,3.953,5.31292
2295,3.95324,5.31323
2296,3.95348,5.31353
2297,3.95372,5.31383
2298,3.95396,5.31413
2299,3.9542,5.31443
2300,3.95444,5.31474
2301,3.95468,5.31504
2302,3.95492,5.31534
2303,3.95516,5.31564
2304,3.95541,5.31594
2305,3.95565,5.31625
2306,3.95589,5.31655
2307,3.95613,5.31685
2308,3.95637,5.31715
2309,3.95661,5.31745
2310,3.95685,5.31775
2311,3.95709,5.31805
2312,3.95733,5.31835
2313,3.95756,5.31865
2314,3.9578,5.31895
2315,3.95804,5.31925
2316,3.95828,5.31955
2317,3.95852,5.31985
2318,3.95876,5.32015
2319,3.959,5.32045
2320,3.95924,5.32075
2321,3.95948,5.32105
2322,3.95972,5.32135
2323,3.95995,5.32165
2324,3.96019,5.32195
2325,3.96043,5.32225
2326,3.96067,5.32255
2327,3.96091,5.32285
2328,3.96115,5.32314
2329,3.96138,5.32344
2330,3.96162,5.32374
2331,3.96186,5.32404
2332,3.9621,5.32434
2333,3.96233,5.32464
2334,3.96257,5.32493
2335,3.96281,5.32523
2336,3.96305,5.32553
2337,3.96328,5.32583
2338,3.96352,5.32613
2339,3.96376,5.32642
2340,3.964,5.32672
2341,3.96423,5.32702
2342,3.96447,5.32731
2343,3.96471,5.32761
2344,3.96494,5.32791
2345,3.96518,5.3282
2346,3.96541,5.3285
2347,3.96565,5.3288
2348,3.96589,5.32909
2349,3.96612,5.32939
2350,3.96636,5.32969
2351,3.96659,5.32998
2352,3.96683,5.33028
2353,3.96707,5.33057
2354,3.9673,5.33087
2355,3.96754,5.33117
2356,3.96777,5.33146
2357,3.96801,5.33176
2358,3.96824,5.33205
2359,3.96848,5.33235
2360,3.96871,5.33264
2361,3.96895,5.33294
2362,3.96918,5.33323
2363,3.96942,5.33353
2364,3.96965,5.33382
2365,3.96989,5.33411
2366,3.97012,5.33441
2367,3.97036,5.3347
2368,3.97059,5.335
2369,3.97082,5.33529
2370,3.97106,5.33558
2371,3.97129,5.33588
2372,3.97153,5.33617
2373,3.97176,5.33647
2374,3.97199,5.33676
2375,3.97223,5.33705
2376,3.97246,5.33734
2377,3.97269,5.33764
2378,3.97293,5.33793
2379,3.97316,5.33822
2380,3.97339,5.33852
2381,3.97363,5.33881
2382,3.97386,5.3391
2383,3.97409,5.33939
2384,3.97432,5.33969
2385,3.97456,5.33998
2386,3.97479,5.34027
2387,3.97502,5.34056
2388,3.97525,5.34085
2389,3.97549,5.34115
2390,3.97572,5.34144
2391,3.97595,5.34173
2392,3.97618,5.34202
2393,3.97641,5.34231
2394,3.97665,5.3426
2395,3.97688,5.34289
2396,3.97711,5.34318
2397,3.97734,5.34347
2398,3.97757,5.34376
2399,3.9778,5.34406
2400,3.97803,5.34435
2401,3.97827,5.34464
2402,3.9785,5.34493
2403,3.97873,5.34522
2404,3.97896,5.34551
2405,3.97919,5.3458
2406,3.97942,5.34609
2407,3.97965,5.34638
2408,3.97988,5.34667
2409,3.98011,5.34695
2410,3.98034,5.34724
2411,3.98057,5.34753
2412,3.9808,5.34782
2413,3.98103,5.34811
2414,3.98126,5.3484
2415,3.98149,5.34869
2416,3.98172,5.34898
2417,3.98195,5.34927
2418,3.98218,5.34955
2419,3.98241,5.34984
2420,3.98264,5.35013
2421,3.98287,5.35042
2422,3.9831,5.35071
2423,3.98333,5.351
2424,3.98356,5.35128
2425,3.98378,5.35157
2426,3.98401,5.35186
2427,3.98424,5.35215
2428,3.98447,5.35243
2429,3.9847,5.35272
2430,3.98493,5.35301
2431,3.98516,5.35329
2432,3.98538,5.35358
2433,3.98561,5.35387
2434,3.98584,5.35415
2435,3.98607,5.35444
2436,3.9863,5.35473
2437,3.98652,5.35501
2438,3.98675,5.3553
2439,3.98698,5.35559
2440,3.98721,5.35587
2441,3.98743,5.35616
2442,3.98766,5.35644
2443,3.98789,5.35673
2444,3.98812,5.35702
2445,3.98834,5.3573
2446,3.98857,5.35759
2447,3.9888,5.35787
2448,3.98902,5.35816
2449,3.98925,5.35844
2450,3.98948,5.35873
2451,3.9897,5.35901
2452,3.98993,5.3593
2453,3.99016,5.35958
2454,3.99038,5.35987
2455,3.99061,5.36015
2456,3.99084,5.36043
2457,3.99106,5.36072
2458,3.99129,5.361
2459,3.99151,5.36129
2460,3.99174,5.36157
2461,3.99196,5.36185
2462,3.99219,5.36214
2463,3.99242,5.36242
2464,3.99264,5.3627
2465,3.99287,5.36299
2466,3.99309,5.36327
2467,3.99332,5.36355
2468,3.99354,5.36384
2469,3.99377,5.36412
2470,3.99399,5.3644
2471,3.99422,5.36469
2472,3.99444,5.36497
2473,3.99467,5.36525
2474,3.99489,5.36553
2475,3.99511,5.36582
2476,3.99534,5.3661
2477,3.99556,5.36638
2478,3.99579,5.36666
2479,3.99601,5.36694
2480,3.99624,5.36723
2481,3.99646,5.36751
2482,3.99668,5.36779
2483,3.99691,5.36807
2484,3.99713,5.36835
2485,3.99735,5.36863
2486,3.99758,5.36891
2487,3.9978,5.36919
2488,3.99802,5.36948
2489,3.99825,5.36976
2490,3.99847,5.37004
2491,3.99869,5.37032
2492,3.99892,5.3706
2493,3.99914,5.37088
2494,3.99936,5.37116
2495,3.99959,5.37144
2496,3.99981,5.37172
2497,4.00003,5.372
2498,4.00025,5.37228
2499,4.00048,5.37256
2500,4.0007,5.37284
2501,4.00092,5.37312
2502,4.00114,5.3734
2503,4.00136,5.37368
2504,4.00159,5.37396
2505,4.00181,5.37424
2506,4.00203,5.37451
2507,4.00225,5.37479
2508,4.00247,5.37507
2509,4.00269,5.37535
2510,4.00292,5.37563
2511,4.00314,5.37591
2512,4.00336,5.37619
2513,4.00358,5.37647
2514,4.0038,5.37674
2515,4.00402,5.37702
2516,4.00424,5.3773
2517,4.00446,5.37758
2518,4.00468,5.37786
2519,4.0049,5.37813
2520,4.00513,5.37841
2521,4.00535,5.37869
2522,4.00557,5.37897
2523,4.00579,5.37924
2524,4.00601,5.37952
2525,4.00623,5.3798
2526,4.00645,5.38007
2527,4.00667,5.38035
2528,4.00689,5.38063
2529,4.00711,5.3809
2530,4.00733,5.38118
2531,4.00755,5.38146
2532,4.00777,5.38173
2533,4.00799,5.38201
2534,4.0082,5.38229
2535,4.00842,5.38256
2536,4.00864,5.38284
2537,4.00886,5.38311
2538,4.00908,5.38339
2539,4.0093,5.38367
2540,4.00952,5.38394
2541,4.00974,5.38422
2542,4.00996,5.38449
2543,4.01018,5.38477
2544,4.01039,5.38504
2545,4.01061,5.38532
2546,4.01083,5.38559
2547,4.01105,5.38587
2548,4.01127,5.38614
2549,4.01149,5.38642
2550,4.0117,5.38669
2551,4.01192,5.38697
2552,4.01214,5.38724
2553,4.01236,5.38752
2554,4.01258,5.38779
2555,4.01279,5.38806
2556,4.01301,5.38834
2557,4.01323,5.38861
2558,4.01345,5.38889
2559,4.01366,5.38916
2560,4.01388,5.38943
2561,4.0141,5.38971
2562,4.01431,5.38998
2563,4.01453,5.39025
2564,4.01475,5.39053
2565,4.01497,5.3908
2566,4.01518,5.39107
2567,4.0154,5.39135
2568,4.01562,5.39162
2569,4.01583,5.39189
2570,4.01605,5.39216
2571,4.01626,5.39244
2572,4.01648,5.39271
2573,4.0167,5.39298
2574,4.01691,5.39325
2575,4.01713,5.39353
2576,4.01734,5.3938
2577,4.01756,5.39407
2578,4.01778,5.39434
2579,4.01799,5.39461
2580,4.01821,5.39488
2581,4.01842,5.39516
2582,4.01864,5.39543
2583,4.01885,5.3957
2584,4.01907,5.39597
2585,4.01928,5.39624
2586,4.0195,5.39651
2587,4.01971,5.39678
2588,4.01993,5.39705
2589,4.02014,5.39732
2590,4.02036,5.3976
2591,4.02057,5.39787
2592,4.02079,5.39814
2593,4.021,5.39841
2594,4.02122,5.39868
2595,4.02143,5.39895
2596,4.02165,5.39922
2597,4.02186,5.39949
2598,4.02208,5.39976
2599,4.02229,5.40003
2600,4.0225,5.4003
2601,4.02272,5.40057
2602,4.02293,5.40084
2603,4.02314,5.40111
2604,4.02336,5.40137
2605,4.02357,5.40164
2606,4.02379,5.40191
2607,4.024,5.40218
2608,4.02421,5.40245
2609,4.02443,5.40272
2610,4.02464,5.40299
2611,4.02485,5.40326
2612,4.02507,5.40353
2613,4.02528,5.40379
2614,4.02549,5.40406
2615,4.0257,5.40433
2616,4.02592,5.4046
2617,4.02613,5.40487
2618,4.02634,5.40513
2619,4.02655,5.4054
2620,4.02677,5.40567
2621,4.02698,5.40594
2622,4.02719,5.40621
2623,4.0274,5.40647
2624,4.02762,5.40674
2625,4.02783,5.40701
2626,4.02804,5.40727
2627,4.02825,5.40754
2628,4.02846,5.40781
2629,4.02868,5.40808
2630,4.02889,5.40834
2631,4.0291,5.40861
2632,4.02931,5.40888
2633,4.02952,5.40914
2634,4.02973,5.40941
2635,4.02994,5.40968
2636,4.03016,5.40994
2637,4.03037,5.41021
2638,4.03058,5.41047
2639,4.03079,5.41074
2640,4.031,5.41101
2641,4.03121,5.41127
2642,4.03142,5.41154
2643,4.03163,5.4118
2644,4.03184,5.41207
2645,4.03205,5.41233
2646,4.03226,5.4126
2647,4.03247,5.41286
2648,4.03268,5.41313
2649,4.03289,5.41339
2650,4.0331,5.41366
2651,4.03331,5.41392
2652,4.03352,5.41419
2653,4.03373,5.41445
2654,4.03394,5.41472
2655,4.03415,5.41498
2656,4.03436,5.41525
2657,4.03457,5.41551
2658,4.03478,5.41578
2659,4.03499,5.41604
2660,4.0352,5.4163
2661,4.03541,5.41657
2662,4.03562,5.41683
2663,4.03583,5.4171
2664,4.03604,5.41736
2665,4.03625,5.41762
2666,4.03645,5.41789
2667,4.03666,5.41815
2668,4.03687,5.41841
2669,4.03708,5.41868
2670,4.03729,5.41894
2671,4.0375,5.4192
2672,4.03771,5.41947
2673,4.03791,5.41973
2674,4.03812,5.41999
2675,4.03833,5.42025
2676,4.03854,5.42052
2677,4.03875,5.42078
2678,4.03896,5.42104
2679,4.03916,5.4213
2680,4.03937,5.42157
2681,4.03958,5.42183
2682,4.03979,5.42209
2683,4.03999,5.42235
2684,4.0402,5.42261
2685,4.04041,5.42288
2686,4.04062,5.42314
2687,4.04082,5.4234
2688,4.04103,5.42366
2689,4.04124,5.42392
2690,4.04145,5.42418
2691,4.04165,5.42444
2692,4.04186,5.42471
2693,4.04207,5.42497
2694,4.04227,5.42523
2695,4.04248,5.42549
2696,4.04269,5.42575
2697,4.04289,5.42601
2698,4.0431,5.42627
2699,4.04331,5.42653
2700,4.04351,5.42679
2701,4.04372,5.42705
2702,4.04392,5.42731
2703,4.04413,5.42757
2704,4.04434,5.42783
2705,4.04454,5.42809
2706,4.04475,5.42835
2707,4.04495,5.42861
2708,4.04516,5.42887
2709,4.04537,5.42913
2710,4.04557,5.42939
2711,4.04578,5.42965
2712,4.04598,5.42991
2713,4.04619,5.43017
2714,4.04639,5.43043
2715,4.0466,5.43069
2716,4.0468,5.43094
2717,4.04701,5.4312
2718,4.04721,5.43146
2719,4.04742,5.43172
2720,4.04762,5.43198
2721,4.04783,5.43224
2722,4.04803,5.4325
2723,4.04824,5.43276
2724,4.04844,5.43301
2725,4.04865,5.43327
2726,4.04885,5.43353
2727,4.04905,5.43379
2728,4.04926,5.43405
2729,4.04946,5.4343
2730,4.04967,5.43456
2731,4.04987,5.43482
2732,4.05008,5.43508
2733,4.05028,5.43533
2734,4.05048,5.43559
2735,4.05069,5.43585
2736,4.05089,5.43611
2737,4.05109,5.43636
2738,4.0513,5.43662
2739,4.0515,5.43688
2740,4.0517,5.43713
2741,4.05191,5.43739
2742,4.05211,5.43765
2743,4.05231,5.4379
2744,4.05252,5.43816
2745,4.05272,5.43842
2746,4.05292,5.43867
2747,4.05313,5.43893
2748,4.05333,5.43919
2749,4.05353,5.43944
2750,4.05373,5.4397
2751,4.05394,5.43995
2752,4.05414,5.44021
2753,4.05434,5.44046
2754,4.05454,5.44072
2755,4.05475,5.44098
2756,4.05495,5.44123
2757,4.05515,5.44149
2758,4.05535,5.44174
2759,4.05556,5.442
2760,4.05576,5.44225
2761,4.05596,5.44251
2762,4.05616,5.44276
2763,4.05636,5.44302
2764,4.05656,5.44327
2765,4.05677,5.44353
2766,4.05697,5.44378
2767,4.05717,5.44404
2768,4.05737,5.44429
2769,4.05757,5.44454
2770,4.05777,5.4448
2771,4.05797,5.44505
2772,4.05818,5.44531
2773,4.05838,5.44556
2774,4.05858,5.44581
2775,4.05878,5.44607
2776,4.05898,5.44632
2777,4.05918,5.44658
2778,4.05938,5.44683
2779,4.05958,5.44708
2780,4.05978,5.44734
2781,4.05998,5.44759
2782,4.06018,5.44784
2783,4.06038,5.4481
2784,4.06058,5.44835
2785,4.06078,5.4486
2786,4.06098,5.44886
2787,4.06118,5.44911
2788,4.06138,5.44936
2789,4.06158,5.44961
2790,4.06178,5.44987
2791,4.06198,5.45012
2792,4.06218,5.45037
2793,4.06238,5.45062
2794,4.06258,5.45088
2795,4.06278,5.45113
2796,4.06298,5.45138
2797,4.06318,5.45163
2798,4.06338,5.45188
2799,4.06358,5.45213
2800,4.06378,5.45239
2801,4.06398,5.45264
2802,4.06418,5.45289
2803,4.06438,5.45314
2804,4.06457,5.45339
2805,4.06477,5.45364
2806,4.06497,5.4539
2807,4.06517,5.45415
2808,4.06537,5.4544
2809,4.06557,5.45465
2810,4.06577,5.4549
2811,4.06596,5.45515
2812,4.06616,5.4554
2813,4.06636,5.45565
2814,4.06656,5.4559
2815,4.06676,5.45615
2816,4.06696,5.4564
2817,4.06715,5.45665
2818,4.06735,5.4569
2819,4.06755,5.45715
2820,4.06775,5.4574
2821,4.06794,5.45765
2822,4.06814,5.4579
2823,4.06834,5.45815
2824,4.06854,5.4584
2825,4.06873,5.45865
2826,4.06893,5.4589
2827,4.06913,5.45915
2828,4.06933,5.4594
2829,4.06952,5.45965
2830,4.06972,5.4599
2831,4.06992,5.46015
2832,4.07011,5.4604
2833,4.07031,5.46065
2834,4.07051,5.46089
2835,4.07071,5.46114
2836,4.0709,5.46139
2837,4.0711,5.46164
2838,4.0713,5.46189
2839,4.07149,5.46214
2840,4.07169,5.46239
2841,4.07188,5.46263
2842,4.07208,5.46288
2843,4.07228,5.46313
2844,4.07247,5.46338
2845,4.07267,5.46363
2846,4.07287,5.46388
2847,4.07306,5.46412
2848,4.07326,5.46437
2849,4.07345,5.46462
2850,4.07365,5.46487
2851,4.07384,5.46511
2852,4.07404,5.46536
2853,4.07424,5.46561
2854,4.07443,5.46586
2855,4.07463,5.4661
2856,4.07482,5.46635
2857,4.07502,5.4666
2858,4.07521,5.46684
2859,4.07541,5.46709
2860,4.0756,5.46734
2861,4.0758,5.46758
2862,4.07599,5.46783
2863,4.07619,5.46808
2864,4.07638,5.46832
2865,4.07658,5.46857
2866,4.07677,5.46882
2867,4.07697,5.46906
2868,4.07716,5.46931
2869,4.07736,5.46955
2870,4.07755,5.4698
2871,4.07774,5.47005
2872,4.07794,5.47029
2873,4.07813,5.47054
2874,4.07833,5.47078
2875,4.07852,5.47103
2876,4.07872,5.47127
2877,4.07891,5.47152
2878,4.0791,5.47177
2879,4.0793,5.47201
2880,4.07949,5.47226
2881,4.07968,5.4725
2882,4.07988,5.47275
2883,4.08007,5.47299
2884,4.08026,5.47324
2885,4.08046,5.47348
2886,4.08065,5.47372
2887,4.08085,5.47397
2888,4.08104,5.47421
2889,4.08123,5.47446
2890,4.08142,5.4747
2891,4.08162,5.47495
2892,4.08181,5.47519
2893,4.082,5.47544
2894,4.0822,5.47568
2895,4.08239,5.47592
2896,4.08258,5.47617
2897,4.08277,5.47641
2898,4.08297,5.47665
2899,4.08316,5.4769
2900,4.08335,5.47714
2901,4.08354,5.47739
2902,4.08374,5.47763
2903,4.08393,5.47787
2904,4.08412,5.47812
2905,4.08431,5.47836
2906,4.08451,5.4786
2907,4.0847,5.47884
2908,4.08489,5.47909
2909,4.08508,5.47933
2910,4.08527,5.47957
2911,4.08546,5.47982
2912,4.08566,5.48006
2913,4.08585,5.4803
2914,4.08604,5.48054
2915,4.08623,5.48079
2916,4.08642,5.48103
2917,4.08661,5.48127
2918,4.08681,5.48151
2919,4.087,5.48175
2920,4.08719,5.482
2921,4.08738,5.48224
2922,4.08757,5.48248
2923,4.08776,5.48272
2924,4.08795,5.48296
2925,4.08814,5.48321
2926,4.08833,5.48345
2927,4.08852,5.48369
2928,4.08871,5.48393
2929,4.08891,5.48417
2930,4.0891,5.48441
2931,4.08929,5.48465
2932,4.08948,5.4849
2933,4.08967,5.48514
2934,4.08986,5.48538
2935,4.09005,5.48562
2936,4.09024,5.48586
2937,4.09043,5.4861
2938,4.09062,5.48634
2939,4.09081,5.48658
2940,4.091,5.48682
2941,4.09119,5.48706
2942,4.09138,5.4873
2943,4.09157,5.48754
2944,4.09176,5.48778
2945,4.09195,5.48802
2946,4.09214,5.48826
2947,4.09233,5.4885
2948,4.09251,5.48874
2949,4.0927,5.48898
2950,4.09289,5.48922
2951,4.09308,5.48946
2952,4.09327,5.4897
2953,4.09346,5.48994
2954,4.09365,5.49018
2955,4.09384,5.49042
2956,4.09403,5.49066
2957,4.09422,5.4909
2958,4.09441,5.49114
2959,4.09459,5.49138
2960,4.09478,5.49161
2961,4.09497,5.49185
2962,4.09516,5.49209
2963,4.09535,5.49233
2964,4.09554,5.49257
2965,4.09573,5.49281
2966,4.09591,5.49305
2967,4.0961,5.49328
2968,4.09629,5.49352
2969,4.09648,5.49376
2970,4.09667,5.494
2971,4.09685,5.49424
2972,4.09704,5.49448
2973,4.09723,5.49471
2974,4.09742,5.49495
2975,4.09761,5.49519
2976,4.09779,5.49543
2977,4.09798,5.49566
2978,4.09817,5.4959
2979,4.09836,5.49614
2980,4.09854,5.49638
2981,4.09873,5.49661
2982,4.09892,5.49685
2983,4.0991,5.49709
2984,4.09929,5.49733
2985,4.09948,5.49756
2986,4.09967,5.4978
2987,4.09985,5.49804
2988,4.10004,5.49827
2989,4.10023,5.49851
2990,4.10041,5.49875
2991,4.1006,5.49898
2992,4.10079,5.49922
2993,4.10097,5.49946
2994,4.10116,5.49969
2995,4.10135,5.49993
2996,4.10153,5.50017
2997,4.10172,5.5004
2998,4.10191,5.50064
2999,4.10209,5.50087
