epoch,m,b
0,0.0255,0.0085
1,0.050575,0.0168555
2,0.0752321,0.0250689
3,0.0994783,0.0331426
4,0.12332,0.0410789
5,0.146765,0.0488802
6,0.169819,0.0565486
7,0.192489,0.0640864
8,0.214782,0.0714958
9,0.236702,0.0787789
10,0.258258,0.0859378
11,0.279454,0.0929746
12,0.300298,0.0998914
13,0.320794,0.10669
14,0.340948,0.113373
15,0.360767,0.119941
16,0.380256,0.126398
17,0.39942,0.132744
18,0.418265,0.138981
19,0.436796,0.145112
20,0.455019,0.151137
21,0.472938,0.15706
22,0.490558,0.162881
23,0.507886,0.168603
24,0.524924,0.174226
25,0.541679,0.179753
26,0.558155,0.185185
27,0.574357,0.190524
28,0.590289,0.195771
29,0.605956,0.200928
30,0.621362,0.205996
31,0.636512,0.210978
32,0.651409,0.215873
33,0.666059,0.220684
34,0.680464,0.225413
35,0.69463,0.23006
36,0.70856,0.234626
37,0.722259,0.239114
38,0.735729,0.243525
39,0.748976,0.247859
40,0.762002,0.252118
41,0.774811,0.256304
42,0.787408,0.260418
43,0.799794,0.26446
44,0.811975,0.268432
45,0.823953,0.272335
46,0.835732,0.276171
47,0.847316,0.27994
48,0.858706,0.283643
49,0.869907,0.287282
50,0.880922,0.290858
51,0.891754,0.294372
52,0.902406,0.297824
53,0.912881,0.301217
54,0.923182,0.30455
55,0.933311,0.307825
56,0.943272,0.311043
57,0.953068,0.314204
58,0.962701,0.31731
59,0.972174,0.320362
60,0.981489,0.323361
61,0.99065,0.326307
62,0.999659,0.329201
63,1.00852,0.332044
64,1.01723,0.334837
65,1.0258,0.337581
66,1.03422,0.340277
67,1.04251,0.342926
68,1.05066,0.345527
69,1.05867,0.348083
70,1.06655,0.350593
71,1.0743,0.35306
72,1.08192,0.355482
73,1.08941,0.357861
74,1.09678,0.360199
75,1.10403,0.362494
76,1.11115,0.364749
77,1.11816,0.366964
78,1.12506,0.369139
79,1.13183,0.371276
80,1.1385,0.373374
81,1.14506,0.375435
82,1.1515,0.377458
83,1.15784,0.379446
84,1.16408,0.381398
85,1.17021,0.383315
86,1.17624,0.385197
87,1.18217,0.387045
88,1.188,0.38886
89,1.19374,0.390643
90,1.19938,0.392393
91,1.20493,0.394111
92,1.21038,0.395798
93,1.21575,0.397455
94,1.22102,0.399081
95,1.22621,0.400678
96,1.23132,0.402245
97,1.23634,0.403784
98,1.24127,0.405295
99,1.24613,0.406778
100,1.2509,0.408234
101,1.2556,0.409663
102,1.26021,0.411066
103,1.26476,0.412442
104,1.26922,0.413794
105,1.27361,0.41512
106,1.27793,0.416422
107,1.28218,0.417699
108,1.28636,0.418953
109,1.29047,0.420183
110,1.29451,0.42139
111,1.29849,0.422575
112,1.3024,0.423738
113,1.30624,0.424878
114,1.31003,0.425997
115,1.31375,0.427095
116,1.3174,0.428172
117,1.321,0.429229
118,1.32454,0.430265
119,1.32802,0.431282
120,1.33145,0.432279
121,1.33481,0.433257
122,1.33812,0.434217
123,1.34138,0.435158
124,1.34458,0.436081
125,1.34773,0.436986
126,1.35083,0.437873
127,1.35388,0.438743
128,1.35688,0.439596
129,1.35983,0.440433
130,1.36273,0.441253
131,1.36558,0.442056
132,1.36839,0.442844
133,1.37115,0.443617
134,1.37386,0.444374
135,1.37653,0.445116
136,1.37916,0.445843
137,1.38174,0.446555
138,1.38428,0.447253
139,1.38678,0.447938
140,1.38924,0.448608
141,1.39166,0.449264
142,1.39404,0.449907
143,1.39638,0.450537
144,1.39868,0.451155
145,1.40094,0.451759
146,1.40317,0.452351
147,1.40536,0.45293
148,1.40752,0.453497
149,1.40964,0.454053
150,1.41172,0.454596
151,1.41377,0.455129
152,1.41579,0.45565
153,1.41778,0.456159
154,1.41973,0.456658
155,1.42165,0.457146
156,1.42354,0.457624
157,1.4254,0.458091
158,1.42723,0.458547
159,1.42903,0.458994
160,1.43079,0.459431
161,1.43254,0.459858
162,1.43425,0.460276
163,1.43593,0.460684
164,1.43759,0.461083
165,1.43922,0.461473
166,1.44083,0.461854
167,1.4424,0.462226
168,1.44396,0.46259
169,1.44548,0.462945
170,1.44699,0.463291
171,1.44847,0.46363
172,1.44992,0.46396
173,1.45135,0.464283
174,1.45276,0.464597
175,1.45415,0.464904
176,1.45551,0.465204
177,1.45685,0.465496
178,1.45817,0.465781
179,1.45947,0.466058
180,1.46075,0.466329
181,1.462,0.466592
182,1.46324,0.466849
183,1.46446,0.467099
184,1.46566,0.467343
185,1.46683,0.46758
186,1.46799,0.46781
187,1.46914,0.468035
188,1.47026,0.468253
189,1.47136,0.468465
190,1.47245,0.468672
191,1.47352,0.468872
192,1.47457,0.469067
193,1.47561,0.469256
194,1.47663,0.469439
195,1.47763,0.469617
196,1.47862,0.46979
197,1.47959,0.469957
198,1.48055,0.470119
199,1.48149,0.470276
200,1.48241,0.470428
201,1.48333,0.470575
202,1.48422,0.470717
203,1.48511,0.470855
204,1.48598,0.470988
205,1.48683,0.471116
206,1.48767,0.471239
207,1.4885,0.471359
208,1.48932,0.471473
209,1.49012,0.471584
210,1.49091,0.47169
211,1.49169,0.471792
212,1.49245,0.47189
213,1.49321,0.471984
214,1.49395,0.472074
215,1.49468,0.47216
216,1.4954,0.472242
217,1.49611,0.472321
218,1.4968,0.472396
219,1.49749,0.472467
220,1.49817,0.472534
221,1.49883,0.472599
222,1.49948,0.472659
223,1.50013,0.472717
224,1.50076,0.47277
225,1.50139,0.472821
226,1.502,0.472868
227,1.50261,0.472913
228,1.50321,0.472954
229,1.50379,0.472992
230,1.50437,0.473027
231,1.50494,0.473059
232,1.5055,0.473088
233,1.50605,0.473115
234,1.5066,0.473138
235,1.50713,0.473159
236,1.50766,0.473177
237,1.50818,0.473192
238,1.50869,0.473205
239,1.50919,0.473215
240,1.50969,0.473223
241,1.51018,0.473228
242,1.51066,0.47323
243,1.51113,0.473231
244,1.5116,0.473229
245,1.51206,0.473224
246,1.51251,0.473217
247,1.51296,0.473208
248,1.5134,0.473197
249,1.51383,0.473184
250,1.51426,0.473168
251,1.51468,0.473151
252,1.51509,0.473131
253,1.5155,0.473109
254,1.5159,0.473085
255,1.5163,0.47306
256,1.51669,0.473032
257,1.51707,0.473003
258,1.51745,0.472971
259,1.51783,0.472938
260,1.51819,0.472903
261,1.51856,0.472866
262,1.51891,0.472828
263,1.51927,0.472788
264,1.51961,0.472746
265,1.51995,0.472702
266,1.52029,0.472657
267,1.52062,0.47261
268,1.52095,0.472562
269,1.52127,0.472512
270,1.52159,0.472461
271,1.52191,0.472408
272,1.52222,0.472353
273,1.52252,0.472298
274,1.52282,0.47224
275,1.52312,0.472182
276,1.52341,0.472122
277,1.5237,0.472061
278,1.52398,0.471998
279,1.52426,0.471934
280,1.52454,0.471869
281,1.52481,0.471802
282,1.52508,0.471735
283,1.52535,0.471666
284,1.52561,0.471596
285,1.52587,0.471525
286,1.52612,0.471452
287,1.52637,0.471379
288,1.52662,0.471304
289,1.52686,0.471228
290,1.5271,0.471152
291,1.52734,0.471074
292,1.52758,0.470995
293,1.52781,0.470915
294,1.52804,0.470834
295,1.52826,0.470752
296,1.52848,0.47067
297,1.5287,0.470586
298,1.52892,0.470501
299,1.52913,0.470416
300,1.52934,0.470329
301,1.52955,0.470242
302,1.52976,0.470153
303,1.52996,0.470064
304,1.53016,0.469974
305,1.53036,0.469884
306,1.53055,0.469792
307,1.53075,0.4697
308,1.53094,0.469607
309,1.53112,0.469513
310,1.53131,0.469418
311,1.53149,0.469323
312,1.53167,0.469227
313,1.53185,0.46913
314,1.53203,0.469032
315,1.5322,0.468934
316,1.53238,0.468835
317,1.53255,0.468736
318,1.53271,0.468635
319,1.53288,0.468535
320,1.53304,0.468433
321,1.53321,0.468331
322,1.53337,0.468228
323,1.53353,0.468125
324,1.53368,0.468021
325,1.53384,0.467917
326,1.53399,0.467812
327,1.53414,0.467706
328,1.53429,0.4676
329,1.53444,0.467493
330,1.53458,0.467386
331,1.53473,0.467278
332,1.53487,0.46717
333,1.53501,0.467062
334,1.53515,0.466952
335,1.53529,0.466843
336,1.53543,0.466733
337,1.53556,0.466622
338,1.53569,0.466511
339,1.53583,0.466399
340,1.53596,0.466287
341,1.53609,0.466175
342,1.53621,0.466062
343,1.53634,0.465949
344,1.53647,0.465836
345,1.53659,0.465722
346,1.53671,0.465607
347,1.53683,0.465492
348,1.53695,0.465377
349,1.53707,0.465262
350,1.53719,0.465146
351,1.53731,0.46503
352,1.53742,0.464913
353,1.53754,0.464796
354,1.53765,0.464679
355,1.53776,0.464561
356,1.53787,0.464443
357,1.53798,0.464325
358,1.53809,0.464206
359,1.5382,0.464088
360,1.5383,0.463968
361,1.53841,0.463849
362,1.53851,0.463729
363,1.53862,0.463609
364,1.53872,0.463489
365,1.53882,0.463368
366,1.53892,0.463248
367,1.53902,0.463126
368,1.53912,0.463005
369,1.53922,0.462883
370,1.53932,0.462762
371,1.53941,0.462639
372,1.53951,0.462517
373,1.5396,0.462395
374,1.5397,0.462272
375,1.53979,0.462149
376,1.53988,0.462025
377,1.53998,0.461902
378,1.54007,0.461778
379,1.54016,0.461654
380,1.54025,0.46153
381,1.54033,0.461406
382,1.54042,0.461282
383,1.54051,0.461157
384,1.5406,0.461032
385,1.54068,0.460907
386,1.54077,0.460782
387,1.54085,0.460656
388,1.54094,0.460531
389,1.54102,0.460405
390,1.5411,0.460279
391,1.54118,0.460153
392,1.54127,0.460027
393,1.54135,0.4599
394,1.54143,0.459774
395,1.54151,0.459647
396,1.54159,0.45952
397,1.54166,0.459393
398,1.54174,0.459266
399,1.54182,0.459139
400,1.5419,0.459012
401,1.54197,0.458884
402,1.54205,0.458757
403,1.54212,0.458629
404,1.5422,0.458501
405,1.54227,0.458373
406,1.54235,0.458245
407,1.54242,0.458117
408,1.54249,0.457988
409,1.54257,0.45786
410,1.54264,0.457731
411,1.54271,0.457603
412,1.54278,0.457474
413,1.54285,0.457345
414,1.54292,0.457216
415,1.54299,0.457087
416,1.54306,0.456958
417,1.54313,0.456829
418,1.5432,0.456699
419,1.54327,0.45657
420,1.54334,0.45644
421,1.54341,0.456311
422,1.54347,0.456181
423,1.54354,0.456051
424,1.54361,0.455922
425,1.54367,0.455792
426,1.54374,0.455662
427,1.5438,0.455532
428,1.54387,0.455402
429,1.54394,0.455272
430,1.544,0.455141
431,1.54406,0.455011
432,1.54413,0.454881
433,1.54419,0.45475
434,1.54426,0.45462
435,1.54432,0.454489
436,1.54438,0.454359
437,1.54444,0.454228
438,1.54451,0.454097
439,1.54457,0.453967
440,1.54463,0.453836
441,1.54469,0.453705
442,1.54475,0.453574
443,1.54481,0.453443
444,1.54487,0.453312
445,1.54493,0.453181
446,1.54499,0.45305
447,1.54505,0.452919
448,1.54511,0.452788
449,1.54517,0.452657
450,1.54523,0.452526
451,1.54529,0.452395
452,1.54535,0.452263
453,1.54541,0.452132
454,1.54547,0.452001
455,1.54552,0.45187
456,1.54558,0.451738
457,1.54564,0.451607
458,1.5457,0.451475
459,1.54575,0.451344
460,1.54581,0.451213
461,1.54587,0.451081
462,1.54592,0.45095
463,1.54598,0.450818
464,1.54604,0.450686
465,1.54609,0.450555
466,1.54615,0.450423
467,1.5462,0.450292
468,1.54626,0.45016
469,1.54631,0.450029
470,1.54637,0.449897
471,1.54642,0.449765
472,1.54648,0.449634
473,1.54653,0.449502
474,1.54659,0.44937
475,1.54664,0.449239
476,1.5467,0.449107
477,1.54675,0.448975
478,1.54681,0.448843
479,1.54686,0.448712
480,1.54691,0.44858
481,1.54697,0.448448
482,1.54702,0.448317
483,1.54707,0.448185
484,1.54713,0.448053
485,1.54718,0.447921
486,1.54723,0.44779
487,1.54728,0.447658
488,1.54734,0.447526
489,1.54739,0.447394
490,1.54744,0.447263
491,1.54749,0.447131
492,1.54754,0.446999
493,1.5476,0.446868
494,1.54765,0.446736
495,1.5477,0.446604
496,1.54775,0.446472
497,1.5478,0.446341
498,1.54785,0.446209
499,1.5479,0.446077
500,1.54796,0.445946
501,1.54801,0.445814
502,1.54806,0.445682
503,1.54811,0.445551
504,1.54816,0.445419
505,1.54821,0.445287
506,1.54826,0.445156
507,1.54831,0.445024
508,1.54836,0.444893
509,1.54841,0.444761
510,1.54846,0.444629
511,1.54851,0.444498
512,1.54856,0.444366
513,1.54861,0.444235
514,1.54866,0.444103
515,1.54871,0.443972
516,1.54876,0.44384
517,1.54881,0.443709
518,1.54886,0.443577
519,1.54891,0.443446
520,1.54896,0.443314
521,1.54901,0.443183
522,1.54905,0.443052
523,1.5491,0.44292
524,1.54915,0.442789
525,1.5492,0.442658
526,1.54925,0.442526
527,1.5493,0.442395
528,1.54935,0.442264
529,1.5494,0.442132
530,1.54944,0.442001
531,1.54949,0.44187
532,1.54954,0.441739
533,1.54959,0.441608
534,1.54964,0.441476
535,1.54968,0.441345
536,1.54973,0.441214
537,1.54978,0.441083
538,1.54983,0.440952
539,1.54988,0.440821
540,1.54992,0.44069
541,1.54997,0.440559
542,1.55002,0.440428
543,1.55007,0.440297
544,1.55011,0.440166
545,1.55016,0.440035
546,1.55021,0.439904
547,1.55026,0.439773
548,1.5503,0.439643
549,1.55035,0.439512
550,1.5504,0.439381
551,1.55045,0.43925
552,1.55049,0.43912
553,1.55054,0.438989
554,1.55059,0.438858
555,1.55063,0.438728
556,1.55068,0.438597
557,1.55073,0.438466
558,1.55077,0.438336
559,1.55082,0.438205
560,1.55087,0.438075
561,1.55091,0.437944
562,1.55096,0.437814
563,1.55101,0.437683
564,1.55105,0.437553
565,1.5511,0.437423
566,1.55115,0.437292
567,1.55119,0.437162
568,1.55124,0.437032
569,1.55129,0.436901
570,1.55133,0.436771
571,1.55138,0.436641
572,1.55142,0.436511
573,1.55147,0.436381
574,1.55152,0.43625
575,1.55156,0.43612
576,1.55161,0.43599
577,1.55165,0.43586
578,1.5517,0.43573
579,1.55175,0.4356
580,1.55179,0.43547
581,1.55184,0.435341
582,1.55188,0.435211
583,1.55193,0.435081
584,1.55197,0.434951
585,1.55202,0.434821
586,1.55207,0.434692
587,1.55211,0.434562
588,1.55216,0.434432
589,1.5522,0.434303
590,1.55225,0.434173
591,1.55229,0.434043
592,1.55234,0.433914
593,1.55238,0.433784
594,1.55243,0.433655
595,1.55247,0.433525
596,1.55252,0.433396
597,1.55256,0.433266
598,1.55261,0.433137
599,1.55266,0.433008
600,1.5527,0.432879
601,1.55275,0.432749
602,1.55279,0.43262
603,1.55284,0.432491
604,1.55288,0.432362
605,1.55293,0.432233
606,1.55297,0.432103
607,1.55302,0.431974
608,1.55306,0.431845
609,1.55311,0.431716
610,1.55315,0.431587
611,1.55319,0.431459
612,1.55324,0.43133
613,1.55328,0.431201
614,1.55333,0.431072
615,1.55337,0.430943
616,1.55342,0.430814
617,1.55346,0.430686
618,1.55351,0.430557
619,1.55355,0.430428
620,1.5536,0.4303
621,1.55364,0.430171
622,1.55369,0.430043
623,1.55373,0.429914
624,1.55377,0.429786
625,1.55382,0.429657
626,1.55386,0.429529
627,1.55391,0.4294
628,1.55395,0.429272
629,1.554,0.429144
630,1.55404,0.429015
631,1.55409,0.428887
632,1.55413,0.428759
633,1.55417,0.428631
634,1.55422,0.428503
635,1.55426,0.428375
636,1.55431,0.428247
637,1.55435,0.428119
638,1.55439,0.427991
639,1.55444,0.427863
640,1.55448,0.427735
641,1.55453,0.427607
642,1.55457,0.427479
643,1.55462,0.427351
644,1.55466,0.427223
645,1.5547,0.427096
646,1.55475,0.426968
647,1.55479,0.42684
648,1.55484,0.426713
649,1.55488,0.426585
650,1.55492,0.426457
651,1.55497,0.42633
652,1.55501,0.426202
653,1.55505,0.426075
654,1.5551,0.425947
655,1.55514,0.42582
656,1.55519,0.425693
657,1.55523,0.425565
658,1.55527,0.425438
659,1.55532,0.425311
660,1.55536,0.425184
661,1.5554,0.425057
662,1.55545,0.424929
663,1.55549,0.424802
664,1.55554,0.424675
665,1.55558,0.424548
666,1.55562,0.424421
667,1.55567,0.424294
668,1.55571,0.424167
669,1.55575,0.42404
670,1.5558,0.423914
671,1.55584,0.423787
672,1.55588,0.42366
673,1.55593,0.423533
674,1.55597,0.423407
675,1.55601,0.42328
676,1.55606,0.423153
677,1.5561,0.423027
678,1.55614,0.4229
679,1.55619,0.422774
680,1.55623,0.422647
681,1.55627,0.422521
682,1.55632,0.422394
683,1.55636,0.422268
684,1.5564,0.422142
685,1.55645,0.422015
686,1.55649,0.421889
687,1.55653,0.421763
688,1.55658,0.421637
689,1.55662,0.42151
690,1.55666,0.421384
691,1.55671,0.421258
692,1.55675,0.421132
693,1.55679,0.421006
694,1.55684,0.42088
695,1.55688,0.420754
696,1.55692,0.420628
697,1.55696,0.420502
698,1.55701,0.420377
699,1.55705,0.420251
700,1.55709,0.420125
701,1.55714,0.419999
702,1.55718,0.419874
703,1.55722,0.419748
704,1.55727,0.419622
705,1.55731,0.419497
706,1.55735,0.419371
707,1.55739,0.419246
708,1.55744,0.41912
709,1.55748,0.418995
710,1.55752,0.41887
711,1.55757,0.418744
712,1.55761,0.418619
713,1.55765,0.418494
714,1.55769,0.418368
715,1.55774,0.418243
716,1.55778,0.418118
717,1.55782,0.417993
718,1.55786,0.417868
719,1.55791,0.417743
720,1.55795,0.417618
721,1.55799,0.417493
722,1.55804,0.417368
723,1.55808,0.417243
724,1.55812,0.417118
725,1.55816,0.416993
726,1.55821,0.416868
727,1.55825,0.416744
728,1.55829,0.416619
729,1.55833,0.416494
730,1.55838,0.41637
731,1.55842,0.416245
732,1.55846,0.41612
733,1.5585,0.415996
734,1.55855,0.415871
735,1.55859,0.415747
736,1.55863,0.415622
737,1.55867,0.415498
738,1.55872,0.415374
739,1.55876,0.415249
740,1.5588,0.415125
741,1.55884,0.415001
742,1.55889,0.414876
743,1.55893,0.414752
744,1.55897,0.414628
745,1.55901,0.414504
746,1.55905,0.41438
747,1.5591,0.414256
748,1.55914,0.414132
749,1.55918,0.414008
750,1.55922,0.413884
751,1.55927,0.41376
752,1.55931,0.413636
753,1.55935,0.413513
754,1.55939,0.413389
755,1.55943,0.413265
756,1.55948,0.413141
757,1.55952,0.413018
758,1.55956,0.412894
759,1.5596,0.41277
760,1.55965,0.412647
761,1.55969,0.412523
762,1.55973,0.4124
763,1.55977,0.412276
764,1.55981,0.412153
765,1.55986,0.41203
766,1.5599,0.411906
767,1.55994,0.411783
768,1.55998,0.41166
769,1.56002,0.411537
770,1.56007,0.411413
771,1.56011,0.41129
772,1.56015,0.411167
773,1.56019,0.411044
774,1.56023,0.410921
775,1.56028,0.410798
776,1.56032,0.410675
777,1.56036,0.410552
778,1.5604,0.410429
779,1.56044,0.410306
780,1.56048,0.410183
781,1.56053,0.410061
782,1.56057,0.409938
783,1.56061,0.409815
784,1.56065,0.409693
785,1.56069,0.40957
786,1.56074,0.409447
787,1.56078,0.409325
788,1.56082,0.409202
789,1.56086,0.40908
790,1.5609,0.408957
791,1.56094,0.408835
792,1.56099,0.408712
793,1.56103,0.40859
794,1.56107,0.408468
795,1.56111,0.408345
796,1.56115,0.408223
797,1.56119,0.408101
798,1.56124,0.407979
799,1.56128,0.407857
800,1.56132,0.407735
801,1.56136,0.407613
802,1.5614,0.407491
803,1.56144,0.407369
804,1.56148,0.407247
805,1.56153,0.407125
806,1.56157,0.407003
807,1.56161,0.406881
808,1.56165,0.406759
809,1.56169,0.406637
810,1.56173,0.406516
811,1.56177,0.406394
812,1.56182,0.406272
813,1.56186,0.406151
814,1.5619,0.406029
815,1.56194,0.405908
816,1.56198,0.405786
817,1.56202,0.405665
818,1.56206,0.405543
819,1.56211,0.405422
820,1.56215,0.4053
821,1.56219,0.405179
822,1.56223,0.405058
823,1.56227,0.404936
824,1.56231,0.404815
825,1.56235,0.404694
826,1.56239,0.404573
827,1.56244,0.404452
828,1.56248,0.404331
829,1.56252,0.40421
830,1.56256,0.404089
831,1.5626,0.403968
832,1.56264,0.403847
833,1.56268,0.403726
834,1.56272,0.403605
835,1.56276,0.403484
836,1.56281,0.403363
837,1.56285,0.403243
838,1.56289,0.403122
839,1.56293,0.403001
840,1.56297,0.40288
841,1.56301,0.40276
842,1.56305,0.402639
843,1.56309,0.402519
844,1.56313,0.402398
845,1.56318,0.402278
846,1.56322,0.402157
847,1.56326,0.402037
848,1.5633,0.401917
849,1.56334,0.401796
850,1.56338,0.401676
851,1.56342,0.401556
852,1.56346,0.401436
853,1.5635,0.401315
854,1.56354,0.401195
855,1.56358,0.401075
856,1.56363,0.400955
857,1.56367,0.400835
858,1.56371,0.400715
859,1.56375,0.400595
860,1.56379,0.400475
861,1.56383,0.400355
862,1.56387,0.400235
863,1.56391,0.400115
864,1.56395,0.399996
865,1.56399,0.399876
866,1.56403,0.399756
867,1.56407,0.399637
868,1.56411,0.399517
869,1.56416,0.399397
870,1.5642,0.399278
871,1.56424,0.399158
872,1.56428,0.399039
873,1.56432,0.398919
874,1.56436,0.3988
875,1.5644,0.39868
876,1.56444,0.398561
877,1.56448,0.398442
878,1.56452,0.398322
879,1.56456,0.398203
880,1.5646,0.398084
881,1.56464,0.397965
882,1.56468,0.397846
883,1.56472,0.397727
884,1.56476,0.397607
885,1.5648,0.397488
886,1.56485,0.397369
887,1.56489,0.39725
888,1.56493,0.397132
889,1.56497,0.397013
890,1.56501,0.396894
891,1.56505,0.396775
892,1.56509,0.396656
893,1.56513,0.396537
894,1.56517,0.396419
895,1.56521,0.3963
896,1.56525,0.396181
897,1.56529,0.396063
898,1.56533,0.395944
899,1.56537,0.395826
900,1.56541,0.395707
901,1.56545,0.395589
902,1.56549,0.39547
903,1.56553,0.395352
904,1.56557,0.395233
905,1.56561,0.395115
906,1.56565,0.394997
907,1.56569,0.394879
908,1.56573,0.39476
909,1.56577,0.394642
910,1.56581,0.394524
911,1.56585,0.394406
912,1.56589,0.394288
913,1.56593,0.39417
914,1.56597,0.394052
915,1.56601,0.393934
916,1.56605,0.393816
917,1.56609,0.393698
918,1.56613,0.39358
919,1.56617,0.393462
920,1.56621,0.393344
921,1.56625,0.393227
922,1.56629,0.393109
923,1.56633,0.392991
924,1.56637,0.392874
925,1.56641,0.392756
926,1.56645,0.392638
927,1.56649,0.392521
928,1.56653,0.392403
929,1.56657,0.392286
930,1.56661,0.392168
931,1.56665,0.392051
932,1.56669,0.391934
933,1.56673,0.391816
934,1.56677,0.391699
935,1.56681,0.391582
936,1.56685,0.391465
937,1.56689,0.391347
938,1.56693,0.39123
939,1.56697,0.391113
940,1.56701,0.390996
941,1.56705,0.390879
942,1.56709,0.390762
943,1.56713,0.390645
944,1.56717,0.390528
945,1.56721,0.390411
946,1.56725,0.390294
947,1.56729,0.390177
948,1.56733,0.39006
949,1.56737,0.389944
950,1.56741,0.389827
951,1.56745,0.38971
952,1.56749,0.389594
953,1.56753,0.389477
954,1.56757,0.38936
955,1.56761,0.389244
956,1.56765,0.389127
957,1.56769,0.389011
958,1.56773,0.388894
959,1.56777,0.388778
960,1.56781,0.388661
961,1.56785,0.388545
962,1.56789,0.388429
963,1.56793,0.388312
964,1.56797,0.388196
965,1.56801,0.38808
966,1.56804,0.387964
967,1.56808,0.387848
968,1.56812,0.387731
969,1.56816,0.387615
970,1.5682,0.387499
971,1.56824,0.387383
972,1.56828,0.387267
973,1.56832,0.387151
974,1.56836,0.387036
975,1.5684,0.38692
976,1.56844,0.386804
977,1.56848,0.386688
978,1.56852,0.386572
979,1.56856,0.386456
980,1.5686,0.386341
981,1.56864,0.386225
982,1.56868,0.386109
983,1.56871,0.385994
984,1.56875,0.385878
985,1.56879,0.385763
986,1.56883,0.385647
987,1.56887,0.385532
988,1.56891,0.385416
989,1.56895,0.385301
990,1.56899,0.385186
991,1.56903,0.38507
992,1.56907,0.384955
993,1.56911,0.38484
994,1.56915,0.384725
995,1.56919,0.384609
996,1.56922,0.384494
997,1.56926,0.384379
998,1.5693,0.384264
999,1.56934,0.384149
1000,1.56938,0.384034
1001,1.56942,0.383919
1002,1.56946,0.383804
1003,1.5695,0.383689
1004,1.56954,0.383574
1005,1.56958,0.383459
1006,1.56962,0.383345
1007,1.56966,0.38323
1008,1.56969,0.383115
1009,1.56973,0.383
1010,1.56977,0.382886
1011,1.56981,0.382771
1012,1.56985,0.382657
1013,1.56989,0.382542
1014,1.56993,0.382427
1015,1.56997,0.382313
1016,1.57001,0.382199
1017,1.57004,0.382084
1018,1.57008,0.38197
1019,1.57012,0.381855
1020,1.57016,0.381741
1021,1.5702,0.381627
1022,1.57024,0.381512
1023,1.57028,0.381398
1024,1.57032,0.381284
1025,1.57036,0.38117
1026,1.57039,0.381056
1027,1.57043,0.380942
1028,1.57047,0.380828
1029,1.57051,0.380714
1030,1.57055,0.3806
1031,1.57059,0.380486
1032,1.57063,0.380372
1033,1.57067,0.380258
1034,1.5707,0.380144
1035,1.57074,0.38003
1036,1.57078,0.379917
1037,1.57082,0.379803
1038,1.57086,0.379689
1039,1.5709,0.379575
1040,1.57094,0.379462
1041,1.57098,0.379348
1042,1.57101,0.379235
1043,1.57105,0.379121
1044,1.57109,0.379008
1045,1.57113,0.378894
1046,1.57117,0.378781
1047,1.57121,0.378667
1048,1.57125,0.378554
1049,1.57128,0.378441
1050,1.57132,0.378327
1051,1.57136,0.378214
1052,1.5714,0.378101
1053,1.57144,0.377988
1054,1.57148,0.377874
1055,1.57152,0.377761
1056,1.57155,0.377648
1057,1.57159,0.377535
1058,1.57163,0.377422
1059,1.57167,0.377309
1060,1.57171,0.377196
1061,1.57175,0.377083
1062,1.57178,0.37697
1063,1.57182,0.376857
1064,1.57186,0.376745
1065,1.5719,0.376632
1066,1.57194,0.376519
1067,1.57198,0.376406
1068,1.57201,0.376294
1069,1.57205,0.376181
1070,1.57209,0.376068
1071,1.57213,0.375956
1072,1.57217,0.375843
1073,1.57221,0.375731
1074,1.57224,0.375618
1075,1.57228,0.375506
1076,1.57232,0.375393
1077,1.57236,0.375281
1078,1.5724,0.375169
1079,1.57244,0.375056
1080,1.57247,0.374944
1081,1.57251,0.374832
1082,1.57255,0.374719
1083,1.57259,0.374607
1084,1.57263,0.374495
1085,1.57266,0.374383
1086,1.5727,0.374271
1087,1.57274,0.374159
1088,1.57278,0.374047
1089,1.57282,0.373935
1090,1.57285,0.373823
1091,1.57289,0.373711
1092,1.57293,0.373599
1093,1.57297,0.373487
1094,1.57301,0.373375
1095,1.57304,0.373264
1096,1.57308,0.373152
1097,1.57312,0.37304
1098,1.57316,0.372928
1099,1.5732,0.372817
1100,1.57323,0.372705
1101,1.57327,0.372594
1102,1.57331,0.372482
1103,1.57335,0.372371
1104,1.57339,0.372259
1105,1.57342,0.372148
1106,1.57346,0.372036
1107,1.5735,0.371925
1108,1.57354,0.371813
1109,1.57358,0.371702
1110,1.57361,0.371591
1111,1.57365,0.37148
1112,1.57369,0.371368
1113,1.57373,0.371257
1114,1.57377,0.371146
1115,1.5738,0.371035
1116,1.57384,0.370924
1117,1.57388,0.370813
1118,1.57392,0.370702
1119,1.57395,0.370591
1120,1.57399,0.37048
1121,1.57403,0.370369
1122,1.57407,0.370258
1123,1.5741,0.370147
1124,1.57414,0.370036
1125,1.57418,0.369926
1126,1.57422,0.369815
1127,1.57426,0.369704
1128,1.57429,0.369593
1129,1.57433,0.369483
1130,1.57437,0.369372
1131,1.57441,0.369262
1132,1.57444,0.369151
1133,1.57448,0.36904
1134,1.57452,0.36893
1135,1.57456,0.36882
1136,1.57459,0.368709
1137,1.57463,0.368599
1138,1.57467,0.368488
1139,1.57471,0.368378
1140,1.57474,0.368268
1141,1.57478,0.368158
1142,1.57482,0.368047
1143,1.57486,0.367937
1144,1.57489,0.367827
1145,1.57493,0.367717
1146,1.57497,0.367607
1147,1.57501,0.367497
1148,1.57504,0.367387
1149,1.57508,0.367277
1150,1.57512,0.367167
1151,1.57516,0.367057
1152,1.57519,0.366947
1153,1.57523,0.366837
1154,1.57527,0.366727
1155,1.57531,0.366617
1156,1.57534,0.366508
1157,1.57538,0.366398
1158,1.57542,0.366288
1159,1.57545,0.366179
1160,1.57549,0.366069
1161,1.57553,0.365959
1162,1.57557,0.36585
1163,1.5756,0.36574
1164,1.57564,0.365631
1165,1.57568,0.365521
1166,1.57572,0.365412
1167,1.57575,0.365302
1168,1.57579,0.365193
1169,1.57583,0.365084
1170,1.57586,0.364974
1171,1.5759,0.364865
1172,1.57594,0.364756
1173,1.57598,0.364647
1174,1.57601,0.364538
1175,1.57605,0.364428
1176,1.57609,0.364319
1177,1.57612,0.36421
1178,1.57616,0.364101
1179,1.5762,0.363992
1180,1.57624,0.363883
1181,1.57627,0.363774
1182,1.57631,0.363665
1183,1.57635,0.363556
1184,1.57638,0.363448
1185,1.57642,0.363339
1186,1.57646,0.36323
1187,1.57649,0.363121
1188,1.57653,0.363013
1189,1.57657,0.362904
1190,1.57661,0.362795
1191,1.57664,0.362687
1192,1.57668,0.362578
1193,1.57672,0.362469
1194,1.57675,0.362361
1195,1.57679,0.362252
1196,1.57683,0.362144
1197,1.57686,0.362036
1198,1.5769,0.361927
1199,1.57694,0.361819
1200,1.57697,0.361711
1201,1.57701,0.361602
1202,1.57705,0.361494
1203,1.57708,0.361386
1204,1.57712,0.361278
1205,1.57716,0.361169
1206,1.5772,0.361061
1207,1.57723,0.360953
1208,1.57727,0.360845
1209,1.57731,0.360737
1210,1.57734,0.360629
1211,1.57738,0.360521
1212,1.57742,0.360413
1213,1.57745,0.360305
1214,1.57749,0.360197
1215,1.57753,0.36009
1216,1.57756,0.359982
1217,1.5776,0.359874
1218,1.57764,0.359766
1219,1.57767,0.359658
1220,1.57771,0.359551
1221,1.57775,0.359443
1222,1.57778,0.359336
1223,1.57782,0.359228
1224,1.57786,0.35912
1225,1.57789,0.359013
1226,1.57793,0.358905
1227,1.57796,0.358798
1228,1.578,0.358691
1229,1.57804,0.358583
1230,1.57807,0.358476
1231,1.57811,0.358368
1232,1.57815,0.358261
1233,1.57818,0.358154
1234,1.57822,0.358047
1235,1.57826,0.357939
1236,1.57829,0.357832
1237,1.57833,0.357725
1238,1.57837,0.357618
1239,1.5784,0.357511
1240,1.57844,0.357404
1241,1.57848,0.357297
1242,1.57851,0.35719
1243,1.57855,0.357083
1244,1.57858,0.356976
1245,1.57862,0.356869
1246,1.57866,0.356762
1247,1.57869,0.356656
1248,1.57873,0.356549
1249,1.57877,0.356442
1250,1.5788,0.356335
1251,1.57884,0.356229
1252,1.57888,0.356122
1253,1.57891,0.356015
1254,1.57895,0.355909
1255,1.57898,0.355802
1256,1.57902,0.355696
1257,1.57906,0.355589
1258,1.57909,0.355483
1259,1.57913,0.355376
1260,1.57916,0.35527
1261,1.5792,0.355164
1262,1.57924,0.355057
1263,1.57927,0.354951
1264,1.57931,0.354845
1265,1.57935,0.354739
1266,1.57938,0.354632
1267,1.57942,0.354526
1268,1.57945,0.35442
1269,1.57949,0.354314
1270,1.57953,0.354208
1271,1.57956,0.354102
1272,1.5796,0.353996
1273,1.57963,0.35389
1274,1.57967,0.353784
1275,1.57971,0.353678
1276,1.57974,0.353572
1277,1.57978,0.353466
1278,1.57981,0.35336
1279,1.57985,0.353255
1280,1.57989,0.353149
1281,1.57992,0.353043
1282,1.57996,0.352937
1283,1.57999,0.352832
1284,1.58003,0.352726
1285,1.58007,0.35262
1286,1.5801,0.352515
1287,1.58014,0.352409
1288,1.58017,0.352304
1289,1.58021,0.352198
1290,1.58025,0.352093
1291,1.58028,0.351987
1292,1.58032,0.351882
1293,1.58035,0.351777
1294,1.58039,0.351671
1295,1.58042,0.351566
1296,1.58046,0.351461
1297,1.5805,0.351356
1298,1.58053,0.35125
1299,1.58057,0.351145
1300,1.5806,0.35104
1301,1.58064,0.350935
1302,1.58068,0.35083
1303,1.58071,0.350725
1304,1.58075,0.35062
1305,1.58078,0.350515
1306,1.58082,0.35041
1307,1.58085,0.350305
1308,1.58089,0.3502
1309,1.58092,0.350095
1310,1.58096,0.349991
1311,1.581,0.349886
1312,1.58103,0.349781
1313,1.58107,0.349676
1314,1.5811,0.349572
1315,1.58114,0.349467
1316,1.58117,0.349362
1317,1.58121,0.349258
1318,1.58125,0.349153
1319,1.58128,0.349049
1320,1.58132,0.348944
1321,1.58135,0.34884
1322,1.58139,0.348735
1323,1.58142,0.348631
1324,1.58146,0.348526
1325,1.58149,0.348422
1326,1.58153,0.348318
1327,1.58156,0.348214
1328,1.5816,0.348109
1329,1.58164,0.348005
1330,1.58167,0.347901
1331,1.58171,0.347797
1332,1.58174,0.347693
1333,1.58178,0.347589
1334,1.58181,0.347484
1335,1.58185,0.34738
1336,1.58188,0.347276
1337,1.58192,0.347172
1338,1.58195,0.347068
1339,1.58199,0.346965
1340,1.58203,0.346861
1341,1.58206,0.346757
1342,1.5821,0.346653
1343,1.58213,0.346549
1344,1.58217,0.346446
1345,1.5822,0.346342
1346,1.58224,0.346238
1347,1.58227,0.346134
1348,1.58231,0.346031
1349,1.58234,0.345927
1350,1.58238,0.345824
1351,1.58241,0.34572
1352,1.58245,0.345617
1353,1.58248,0.345513
1354,1.58252,0.34541
1355,1.58255,0.345306
1356,1.58259,0.345203
1357,1.58262,0.3451
1358,1.58266,0.344996
1359,1.58269,0.344893
1360,1.58273,0.34479
1361,1.58276,0.344686
1362,1.5828,0.344583
1363,1.58283,0.34448
1364,1.58287,0.344377
1365,1.5829,0.344274
1366,1.58294,0.344171
1367,1.58298,0.344068
1368,1.58301,0.343965
1369,1.58305,0.343862
1370,1.58308,0.343759
1371,1.58312,0.343656
1372,1.58315,0.343553
1373,1.58319,0.34345
1374,1.58322,0.343347
1375,1.58326,0.343245
1376,1.58329,0.343142
1377,1.58332,0.343039
1378,1.58336,0.342936
1379,1.58339,0.342834
1380,1.58343,0.342731
1381,1.58346,0.342628
1382,1.5835,0.342526
1383,1.58353,0.342423
1384,1.58357,0.342321
1385,1.5836,0.342218
1386,1.58364,0.342116
1387,1.58367,0.342013
1388,1.58371,0.341911
1389,1.58374,0.341809
1390,1.58378,0.341706
1391,1.58381,0.341604
1392,1.58385,0.341502
1393,1.58388,0.341399
1394,1.58392,0.341297
1395,1.58395,0.341195
1396,1.58399,0.341093
1397,1.58402,0.340991
1398,1.58406,0.340889
1399,1.58409,0.340787
1400,1.58413,0.340685
1401,1.58416,0.340583
1402,1.5842,0.340481
1403,1.58423,0.340379
1404,1.58426,0.340277
1405,1.5843,0.340175
1406,1.58433,0.340073
1407,1.58437,0.339971
1408,1.5844,0.339869
1409,1.58444,0.339768
1410,1.58447,0.339666
1411,1.58451,0.339564
1412,1.58454,0.339463
1413,1.58458,0.339361
1414,1.58461,0.339259
1415,1.58464,0.339158
1416,1.58468,0.339056
1417,1.58471,0.338955
1418,1.58475,0.338853
1419,1.58478,0.338752
1420,1.58482,0.33865
1421,1.58485,0.338549
1422,1.58489,0.338448
1423,1.58492,0.338346
1424,1.58496,0.338245
1425,1.58499,0.338144
1426,1.58502,0.338043
1427,1.58506,0.337941
1428,1.58509,0.33784
1429,1.58513,0.337739
1430,1.58516,0.337638
1431,1.5852,0.337537
1432,1.58523,0.337436
1433,1.58527,0.337335
1434,1.5853,0.337234
1435,1.58533,0.337133
1436,1.58537,0.337032
1437,1.5854,0.336931
1438,1.58544,0.33683
1439,1.58547,0.336729
1440,1.58551,0.336628
1441,1.58554,0.336528
1442,1.58557,0.336427
1443,1.58561,0.336326
1444,1.58564,0.336225
1445,1.58568,0.336125
1446,1.58571,0.336024
1447,1.58575,0.335924
1448,1.58578,0.335823
1449,1.58581,0.335722
1450,1.58585,0.335622
1451,1.58588,0.335521
1452,1.58592,0.335421
1453,1.58595,0.335321
1454,1.58598,0.33522
1455,1.58602,0.33512
1456,1.58605,0.33502
1457,1.58609,0.334919
1458,1.58612,0.334819
1459,1.58615,0.334719
1460,1.58619,0.334619
1461,1.58622,0.334518
1462,1.58626,0.334418
1463,1.58629,0.334318
1464,1.58633,0.334218
1465,1.58636,0.334118
1466,1.58639,0.334018
1467,1.58643,0.333918
1468,1.58646,0.333818
1469,1.5865,0.333718
1470,1.58653,0.333618
1471,1.58656,0.333518
1472,1.5866,0.333418
1473,1.58663,0.333318
1474,1.58667,0.333219
1475,1.5867,0.333119
1476,1.58673,0.333019
1477,1.58677,0.332919
1478,1.5868,0.33282
1479,1.58683,0.33272
1480,1.58687,0.332621
1481,1.5869,0.332521
1482,1.58694,0.332421
1483,1.58697,0.332322
1484,1.587,0.332222
1485,1.58704,0.332123
1486,1.58707,0.332024
1487,1.58711,0.331924
1488,1.58714,0.331825
1489,1.58717,0.331725
1490,1.58721,0.331626
1491,1.58724,0.331527
1492,1.58727,0.331428
1493,1.58731,0.331328
1494,1.58734,0.331229
1495,1.58738,0.33113
1496,1.58741,0.331031
1497,1.58744,0.330932
1498,1.58748,0.330833
1499,1.58751,0.330734
1500,1.58754,0.330635
1501,1.58758,0.330536
1502,1.58761,0.330437
1503,1.58764,0.330338
1504,1.58768,0.330239
1505,1.58771,0.33014
1506,1.58775,0.330041
1507,1.58778,0.329942
1508,1.58781,0.329843
1509,1.58785,0.329745
1510,1.58788,0.329646
1511,1.58791,0.329547
1512,1.58795,0.329449
1513,1.58798,0.32935
1514,1.58801,0.329251
1515,1.58805,0.329153
1516,1.58808,0.329054
1517,1.58811,0.328956
1518,1.58815,0.328857
1519,1.58818,0.328759
1520,1.58822,0.32866
1521,1.58825,0.328562
1522,1.58828,0.328464
1523,1.58832,0.328365
1524,1.58835,0.328267
1525,1.58838,0.328169
1526,1.58842,0.32807
1527,1.58845,0.327972
1528,1.58848,0.327874
1529,1.58852,0.327776
1530,1.58855,0.327678
1531,1.58858,0.32758
1532,1.58862,0.327482
1533,1.58865,0.327384
1534,1.58868,0.327286
1535,1.58872,0.327188
1536,1.58875,0.32709
1537,1.58878,0.326992
1538,1.58882,0.326894
1539,1.58885,0.326796
1540,1.58888,0.326698
1541,1.58892,0.3266
1542,1.58895,0.326502
1543,1.58898,0.326405
1544,1.58902,0.326307
1545,1.58905,0.326209
1546,1.58908,0.326112
1547,1.58912,0.326014
1548,1.58915,0.325916
1549,1.58918,0.325819
1550,1.58922,0.325721
1551,1.58925,0.325624
1552,1.58928,0.325526
1553,1.58931,0.325429
1554,1.58935,0.325331
1555,1.58938,0.325234
1556,1.58941,0.325137
1557,1.58945,0.325039
1558,1.58948,0.324942
1559,1.58951,0.324845
1560,1.58955,0.324747
1561,1.58958,0.32465
1562,1.58961,0.324553
1563,1.58965,0.324456
1564,1.58968,0.324359
1565,1.58971,0.324262
1566,1.58974,0.324164
1567,1.58978,0.324067
1568,1.58981,0.32397
1569,1.58984,0.323873
1570,1.58988,0.323776
1571,1.58991,0.323679
1572,1.58994,0.323583
1573,1.58998,0.323486
1574,1.59001,0.323389
1575,1.59004,0.323292
1576,1.59007,0.323195
1577,1.59011,0.323098
1578,1.59014,0.323002
1579,1.59017,0.322905
1580,1.59021,0.322808
1581,1.59024,0.322712
1582,1.59027,0.322615
1583,1.5903,0.322519
1584,1.59034,0.322422
1585,1.59037,0.322325
1586,1.5904,0.322229
1587,1.59044,0.322132
1588,1.59047,0.322036
1589,1.5905,0.32194
1590,1.59053,0.321843
1591,1.59057,0.321747
1592,1.5906,0.321651
1593,1.59063,0.321554
1594,1.59067,0.321458
1595,1.5907,0.321362
1596,1.59073,0.321266
1597,1.59076,0.321169
1598,1.5908,0.321073
1599,1.59083,0.320977
1600,1.59086,0.320881
1601,1.59089,0.320785
1602,1.59093,0.320689
1603,1.59096,0.320593
1604,1.59099,0.320497
1605,1.59102,0.320401
1606,1.59106,0.320305
1607,1.59109,0.320209
1608,1.59112,0.320113
1609,1.59116,0.320017
1610,1.59119,0.319922
1611,1.59122,0.319826
1612,1.59125,0.31973
1613,1.59129,0.319634
1614,1.59132,0.319539
1615,1.59135,0.319443
1616,1.59138,0.319347
1617,1.59142,0.319252
1618,1.59145,0.319156
1619,1.59148,0.319061
1620,1.59151,0.318965
1621,1.59155,0.31887
1622,1.59158,0.318774
1623,1.59161,0.318679
1624,1.59164,0.318583
1625,1.59168,0.318488
1626,1.59171,0.318392
1627,1.59174,0.318297
1628,1.59177,0.318202
1629,1.5918,0.318107
1630,1.59184,0.318011
1631,1.59187,0.317916
1632,1.5919,0.317821
1633,1.59193,0.317726
1634,1.59197,0.317631
1635,1.592,0.317536
1636,1.59203,0.317441
1637,1.59206,0.317345
1638,1.5921,0.31725
1639,1.59213,0.317156
1640,1.59216,0.317061
1641,1.59219,0.316966
1642,1.59223,0.316871
1643,1.59226,0.316776
1644,1.59229,0.316681
1645,1.59232,0.316586
1646,1.59235,0.316491
1647,1.59239,0.316397
1648,1.59242,0.316302
1649,1.59245,0.316207
1650,1.59248,0.316113
1651,1.59252,0.316018
1652,1.59255,0.315923
1653,1.59258,0.315829
1654,1.59261,0.315734
1655,1.59264,0.31564
1656,1.59268,0.315545
1657,1.59271,0.315451
1658,1.59274,0.315356
1659,1.59277,0.315262
1660,1.5928,0.315167
1661,1.59284,0.315073
1662,1.59287,0.314979
1663,1.5929,0.314884
1664,1.59293,0.31479
1665,1.59297,0.314696
1666,1.593,0.314602
1667,1.59303,0.314508
1668,1.59306,0.314413
1669,1.59309,0.314319
1670,1.59313,0.314225
1671,1.59316,0.314131
1672,1.59319,0.314037
1673,1.59322,0.313943
1674,1.59325,0.313849
1675,1.59329,0.313755
1676,1.59332,0.313661
1677,1.59335,0.313567
1678,1.59338,0.313473
1679,1.59341,0.313379
1680,1.59344,0.313286
1681,1.59348,0.313192
1682,1.59351,0.313098
1683,1.59354,0.313004
1684,1.59357,0.312911
1685,1.5936,0.312817
1686,1.59364,0.312723
1687,1.59367,0.31263
1688,1.5937,0.312536
1689,1.59373,0.312442
1690,1.59376,0.312349
1691,1.5938,0.312255
1692,1.59383,0.312162
1693,1.59386,0.312068
1694,1.59389,0.311975
1695,1.59392,0.311882
1696,1.59395,0.311788
1697,1.59399,0.311695
1698,1.59402,0.311602
1699,1.59405,0.311508
1700,1.59408,0.311415
1701,1.59411,0.311322
1702,1.59414,0.311229
1703,1.59418,0.311135
1704,1.59421,0.311042
1705,1.59424,0.310949
1706,1.59427,0.310856
1707,1.5943,0.310763
1708,1.59433,0.31067
1709,1.59437,0.310577
1710,1.5944,0.310484
1711,1.59443,0.310391
1712,1.59446,0.310298
1713,1.59449,0.310205
1714,1.59452,0.310112
1715,1.59456,0.310019
1716,1.59459,0.309927
1717,1.59462,0.309834
1718,1.59465,0.309741
1719,1.59468,0.309648
1720,1.59471,0.309556
1721,1.59474,0.309463
1722,1.59478,0.30937
1723,1.59481,0.309278
1724,1.59484,0.309185
1725,1.59487,0.309093
1726,1.5949,0.309
1727,1.59493,0.308908
1728,1.59497,0.308815
1729,1.595,0.308723
1730,1.59503,0.30863
1731,1.59506,0.308538
1732,1.59509,0.308445
1733,1.59512,0.308353
1734,1.59515,0.308261
1735,1.59519,0.308168
1736,1.59522,0.308076
1737,1.59525,0.307984
1738,1.59528,0.307892
1739,1.59531,0.3078
1740,1.59534,0.307707
1741,1.59537,0.307615
1742,1.5954,0.307523
1743,1.59544,0.307431
1744,1.59547,0.307339
1745,1.5955,0.307247
1746,1.59553,0.307155
1747,1.59556,0.307063
1748,1.59559,0.306971
1749,1.59562,0.306879
1750,1.59565,0.306787
1751,1.59569,0.306696
1752,1.59572,0.306604
1753,1.59575,0.306512
1754,1.59578,0.30642
1755,1.59581,0.306328
1756,1.59584,0.306237
1757,1.59587,0.306145
1758,1.5959,0.306053
1759,1.59594,0.305962
1760,1.59597,0.30587
1761,1.596,0.305779
1762,1.59603,0.305687
1763,1.59606,0.305595
1764,1.59609,0.305504
1765,1.59612,0.305413
1766,1.59615,0.305321
1767,1.59618,0.30523
1768,1.59622,0.305138
1769,1.59625,0.305047
1770,1.59628,0.304956
1771,1.59631,0.304864
1772,1.59634,0.304773
1773,1.59637,0.304682
1774,1.5964,0.304591
1775,1.59643,0.304499
1776,1.59646,0.304408
1777,1.5965,0.304317
1778,1.59653,0.304226
1779,1.59656,0.304135
1780,1.59659,0.304044
1781,1.59662,0.303953
1782,1.59665,0.303862
1783,1.59668,0.303771
1784,1.59671,0.30368
1785,1.59674,0.303589
1786,1.59677,0.303498
1787,1.5968,0.303407
1788,1.59684,0.303316
1789,1.59687,0.303226
1790,1.5969,0.303135
1791,1.59693,0.303044
1792,1.59696,0.302953
1793,1.59699,0.302863
1794,1.59702,0.302772
1795,1.59705,0.302681
1796,1.59708,0.302591
1797,1.59711,0.3025
1798,1.59714,0.302409
1799,1.59717,0.302319
1800,1.59721,0.302228
1801,1.59724,0.302138
1802,1.59727,0.302047
1803,1.5973,0.301957
1804,1.59733,0.301867
1805,1.59736,0.301776
1806,1.59739,0.301686
1807,1.59742,0.301596
1808,1.59745,0.301505
1809,1.59748,0.301415
1810,1.59751,0.301325
1811,1.59754,0.301235
1812,1.59757,0.301144
1813,1.5976,0.301054
1814,1.59764,0.300964
1815,1.59767,0.300874
1816,1.5977,0.300784
1817,1.59773,0.300694
1818,1.59776,0.300604
1819,1.59779,0.300514
1820,1.59782,0.300424
1821,1.59785,0.300334
1822,1.59788,0.300244
1823,1.59791,0.300154
1824,1.59794,0.300064
1825,1.59797,0.299974
1826,1.598,0.299885
1827,1.59803,0.299795
1828,1.59806,0.299705
1829,1.59809,0.299615
1830,1.59812,0.299526
1831,1.59816,0.299436
1832,1.59819,0.299346
1833,1.59822,0.299257
1834,1.59825,0.299167
1835,1.59828,0.299078
1836,1.59831,0.298988
1837,1.59834,0.298899
1838,1.59837,0.298809
1839,1.5984,0.29872
1840,1.59843,0.29863
1841,1.59846,0.298541
1842,1.59849,0.298451
1843,1.59852,0.298362
1844,1.59855,0.298273
1845,1.59858,0.298183
1846,1.59861,0.298094
1847,1.59864,0.298005
1848,1.59867,0.297916
1849,1.5987,0.297826
1850,1.59873,0.297737
1851,1.59876,0.297648
1852,1.59879,0.297559
1853,1.59882,0.29747
1854,1.59885,0.297381
1855,1.59888,0.297292
1856,1.59891,0.297203
1857,1.59895,0.297114
1858,1.59898,0.297025
1859,1.59901,0.296936
1860,1.59904,0.296847
1861,1.59907,0.296758
1862,1.5991,0.296669
1863,1.59913,0.296581
1864,1.59916,0.296492
1865,1.59919,0.296403
1866,1.59922,0.296314
1867,1.59925,0.296226
1868,1.59928,0.296137
1869,1.59931,0.296048
1870,1.59934,0.29596
1871,1.59937,0.295871
1872,1.5994,0.295782
1873,1.59943,0.295694
1874,1.59946,0.295605
1875,1.59949,0.295517
1876,1.59952,0.295428
1877,1.59955,0.29534
1878,1.59958,0.295251
1879,1.59961,0.295163
1880,1.59964,0.295075
1881,1.59967,0.294986
1882,1.5997,0.294898
1883,1.59973,0.29481
1884,1.59976,0.294721
1885,1.59979,0.294633
1886,1.59982,0.294545
1887,1.59985,0.294457
1888,1.59988,0.294369
1889,1.59991,0.294281
1890,1.59994,0.294192
1891,1.59997,0.294104
1892,1.6,0.294016
1893,1.60003,0.293928
1894,1.60006,0.29384
1895,1.60009,0.293752
1896,1.60012,0.293664
1897,1.60015,0.293576
1898,1.60018,0.293489
1899,1.60021,0.293401
1900,1.60024,0.293313
1901,1.60027,0.293225
1902,1.6003,0.293137
1903,1.60033,0.293049
1904,1.60036,0.292962
1905,1.60039,0.292874
1906,1.60042,0.292786
1907,1.60045,0.292699
1908,1.60048,0.292611
1909,1.60051,0.292523
1910,1.60054,0.292436
1911,1.60057,0.292348
1912,1.6006,0.292261
1913,1.60063,0.292173
1914,1.60066,0.292086
1915,1.60068,0.291998
1916,1.60071,0.291911
1917,1.60074,0.291824
1918,1.60077,0.291736
1919,1.6008,0.291649
1920,1.60083,0.291561
1921,1.60086,0.291474
1922,1.60089,0.291387
1923,1.60092,0.2913
1924,1.60095,0.291212
1925,1.60098,0.291125
1926,1.60101,0.291038
1927,1.60104,0.290951
1928,1.60107,0.290864
1929,1.6011,0.290777
1930,1.60113,0.29069
1931,1.60116,0.290603
1932,1.60119,0.290516
1933,1.60122,0.290429
1934,1.60125,0.290342
1935,1.60128,0.290255
1936,1.60131,0.290168
1937,1.60134,0.290081
1938,1.60137,0.289994
1939,1.6014,0.289907
1940,1.60143,0.289821
1941,1.60146,0.289734
1942,1.60148,0.289647
1943,1.60151,0.28956
1944,1.60154,0.289474
1945,1.60157,0.289387
1946,1.6016,0.2893
1947,1.60163,0.289214
1948,1.60166,0.289127
1949,1.60169,0.289041
1950,1.60172,0.288954
1951,1.60175,0.288868
1952,1.60178,0.288781
1953,1.60181,0.288695
1954,1.60184,0.288608
1955,1.60187,0.288522
1956,1.6019,0.288435
1957,1.60193,0.288349
1958,1.60196,0.288263
1959,1.60198,0.288176
1960,1.60201,0.28809
1961,1.60204,0.288004
1962,1.60207,0.287918
1963,1.6021,0.287831
1964,1.60213,0.287745
1965,1.60216,0.287659
1966,1.60219,0.287573
1967,1.60222,0.287487
1968,1.60225,0.287401
1969,1.60228,0.287315
1970,1.60231,0.287229
1971,1.60234,0.287143
1972,1.60237,0.287057
1973,1.60239,0.286971
1974,1.60242,0.286885
1975,1.60245,0.286799
1976,1.60248,0.286713
1977,1.60251,0.286627
1978,1.60254,0.286542
1979,1.60257,0.286456
1980,1.6026,0.28637
1981,1.60263,0.286284
1982,1.60266,0.286199
1983,1.60269,0.286113
1984,1.60272,0.286027
1985,1.60274,0.285942
1986,1.60277,0.285856
1987,1.6028,0.28577
1988,1.60283,0.285685
1989,1.60286,0.285599
1990,1.60289,0.285514
1991,1.60292,0.285428
1992,1.60295,0.285343
1993,1.60298,0.285257
1994,1.60301,0.285172
1995,1.60304,0.285087
1996,1.60306,0.285001
1997,1.60309,0.284916
1998,1.60312,0.284831
1999,1.60315,0.284745
